WarehouseID,ProductID,Quantity
24,1,1536
11,1,2141
16,1,2254
18,1,1650
20,2,2071
18,2,1189
23,3,2517
16,3,2623
1,3,1345
7,3,2995
3,4,2085
11,5,2778
18,5,2409
10,5,1913
22,6,1086
12,6,701
23,6,2195
19,6,3
24,6,1754
4,7,2864
3,8,1474
25,8,1067
19,8,859
1,8,115
16,8,2932
6,9,870
14,9,1311
4,9,330
25,9,1092
22,9,1839
12,10,2328
15,11,2832
7,11,1646
5,11,2514
4,11,358
2,11,2447
24,12,1262
9,12,1395
2,12,2968
8,12,996
23,12,2732
11,13,247
21,13,1922
14,13,2146
21,14,1373
17,14,1059
13,14,2661
5,15,2447
12,15,1473
11,15,2578
10,16,164
1,16,150
3,16,408
6,16,2059
2,16,1766
25,17,2966
3,17,2385
23,17,2936
4,17,1115
3,18,2995
21,18,1191
22,19,2447
4,19,324
4,20,2128
5,20,1880
24,20,229
11,20,1275
11,21,1261
24,21,2860
7,21,791
20,21,1150
14,21,548
15,21,933
18,22,2727
1,22,249
5,22,768
13,22,2509
12,23,1341
17,23,1525
23,24,11
5,24,586
3,24,3000
12,24,871
6,25,784
8,26,1421
20,26,742
3,26,1488
2,27,1975
11,27,388
17,27,1104
5,27,2189
1,27,1869
17,28,1612
6,28,2801
13,28,2912
4,28,2477
9,29,681
6,30,1333
14,30,1963
5,31,2515
10,31,2502
9,32,288
13,33,224
23,33,2036
19,33,630
3,34,710
17,34,2305
2,34,1676
11,34,
5,35,339
1,35,1621
8,36,458
12,37,
11,37,427
9,37,2610
21,37,1483
25,37,2
5,38,2594
24,38,479
12,38,2392
22,39,1529
15,39,1535
13,39,1054
6,40,877
21,40,237
7,40,2426
3,40,2315
23,40,1038
8,40,1766
23,41,1177
9,41,1819
22,42,1946
9,42,2272
12,42,2876
18,42,1099
5,42,2370
11,43,179
15,43,340
18,43,1394
1,43,608
9,44,2728
24,44,1751
23,44,1031
15,44,2753
20,45,2568
8,45,2796
2,45,2259
17,46,2873
5,46,722
23,46,303
15,46,405
7,47,1216
12,47,2293
14,47,2906
3,47,2079
4,47,1920
3,48,95
21,48,2911
23,48,909
9,48,1854
12,49,791
24,49,1761
14,49,2228
13,49,51
5,49,2263
22,49,1676
13,50,2088
6,50,1987
8,50,1175
22,50,1066
12,50,2177
11,51,1088
17,51,2394
3,51,2004
20,52,1700
18,52,56
14,52,1657
1,52,2305
23,53,1584
25,54,1734
16,54,970
22,55,2092
6,56,1786
25,56,436
17,56,-20
19,56,2529
12,57,1527
2,58,1347
8,58,733
25,59,2903
21,59,2957
24,59,2177
8,59,1133
23,59,2152
18,60,2609
2,61,2640
9,61,994
5,61,1207
14,62,1325
16,62,1458
3,62,2327
13,63,1220
18,63,1654
12,63,1508
15,63,1243
8,63,82
20,63,1822
1,64,2585
5,65,1860
14,66,886
3,66,411
1,66,2470
25,66,430
19,67,614
8,68,71
6,68,1866
9,68,1906
18,68,1861
23,68,1597
19,68,901
13,69,1423
14,69,1077
21,69,206
15,69,1682
12,70,1857
21,70,2671
13,70,621
3,70,1019
17,70,341
19,70,2957
3,71,498
22,71,1653
4,72,2316
12,72,2235
25,72,2370
12,73,1927
21,73,2583
24,73,1376
17,73,1663
3,73,761
2,74,1545
13,74,2376
11,74,1479
4,74,338
16,75,2372
14,75,616
24,75,2355
23,75,2967
17,75,485
15,75,2306
13,76,1958
20,76,3
1,76,1581
19,76,1857
10,76,2626
17,77,1380
19,77,909
1,78,2288
7,78,209
4,78,1411
22,78,435
11,78,2390
12,79,201
14,79,1097
17,80,1996
11,80,1283
5,80,2715
3,80,1430
6,80,2167
8,81,151
20,81,218
1,81,2172
21,81,2465
15,81,319
25,81,2482
10,82,68
13,83,2937
23,83,2034
24,83,666
17,83,552
3,84,1682
5,84,1341
4,84,2888
19,84,448
11,84,1225
7,84,2270
1,85,1335
19,85,2493
2,85,984
14,85,139
16,86,1196
12,86,1361
19,86,916
11,86,1393
20,86,1218
8,86,724
11,87,648
18,87,257
14,87,892
13,87,1735
23,87,1712
2,88,1741
14,88,606
18,89,1584
4,89,163
9,90,759
10,90,2506
2,90,2034
16,90,2870
13,91,211
6,91,953
21,91,2453
19,91,438
3,91,2627
18,92,779
25,93,1458
14,94,2382
21,95,2203
4,95,860
17,95,2758
16,96,2875
20,96,1295
6,96,2808
15,96,2480
21,96,50
3,97,1449
5,97,2960
9,98,2990
13,98,238
1,98,2862
5,98,437
10,98,1647
23,98,2484
19,99,2491
7,100,1118
14,100,954
23,100,1630
11,100,687
12,100,2374
22,101,1523
19,101,195
23,102,64
1,102,422
6,102,350
8,102,2519
11,103,1515
9,103,30
12,103,2418
3,103,74
7,104,1745
18,104,2552
2,104,1586
21,104,688
14,104,2148
23,105,359
7,105,903
16,105,2379
2,106,2064
4,106,-20
12,106,52
1,107,2728
19,107,2807
25,108,2491
4,108,2245
15,108,2225
13,109,1252
7,109,2265
20,109,623
23,109,2577
21,109,67
13,110,1093
24,110,1123
1,110,1494
5,110,2930
7,111,2782
8,111,914
24,111,2631
16,111,2921
23,111,889
5,112,796
11,112,1297
9,112,1090
12,112,2108
20,112,1477
18,113,2469
19,114,724
9,114,1768
12,114,1874
6,114,2645
9,115,1958
15,115,435
19,115,1266
8,115,2346
25,116,802
21,117,471
9,117,1396
17,117,413
13,117,154
8,117,1592
12,117,2609
19,118,2635
2,119,2208
14,119,1725
3,119,601
16,120,1893
10,120,2791
14,120,1457
1,120,1651
21,120,2290
25,121,1489
9,121,1652
11,121,1455
12,122,553
20,123,402
16,123,1969
20,124,1973
17,124,1317
13,124,2296
4,124,12
25,124,369
6,124,2691
24,125,31
9,125,1734
25,125,2981
5,125,1164
11,125,2356
3,126,2028
17,126,2443
7,126,1677
13,126,119
16,126,812
2,126,2880
4,127,2744
22,127,2461
14,127,2051
20,127,400
9,128,1099
12,128,515
18,129,1436
4,129,2323
10,129,2317
13,129,685
5,129,1261
13,130,659
5,130,519
12,130,1411
11,130,1407
1,130,2235
3,131,590
21,131,2571
10,131,2623
23,131,816
22,131,229
15,131,437
23,132,2196
3,132,2058
13,132,2051
20,132,2530
10,133,1081
8,133,344
11,133,2953
21,133,195
12,133,351
11,134,879
20,135,2517
2,136,636
23,137,114
20,137,1280
10,137,1354
13,137,904
21,138,1318
20,138,2047
8,138,1622
25,138,2888
22,138,1576
3,138,1293
12,139,2346
6,140,2123
21,140,1448
22,140,903
14,141,1333
3,141,474
12,141,1961
6,141,1283
25,141,656
17,142,1534
20,142,1045
7,143,771
25,144,1152
20,145,1474
21,145,2376
23,145,2323
17,145,961
9,145,1316
10,146,2714
22,146,1494
15,146,687
13,146,84
6,146,99
21,146,2672
23,147,623
5,147,1032
19,148,1683
22,149,790
19,150,1839
17,150,2822
8,150,1125
5,150,744
1,151,2639
5,151,2329
20,151,2276
14,152,2681
8,152,460
1,152,1887
16,152,2083
12,152,107
2,152,1837
17,153,1750
5,153,1906
20,153,1783
24,153,2607
12,154,1286
20,154,584
22,154,603
3,154,487
24,154,-20
6,154,841
25,155,2222
21,155,789
8,156,729
10,156,2717
24,156,1763
7,156,1439
5,156,2780
11,156,357
22,157,2142
11,157,2725
10,157,1150
19,157,2883
14,157,1595
13,157,2694
12,158,331
25,158,575
18,158,1247
9,158,1142
23,158,1946
17,158,2032
11,159,1578
13,159,2721
24,159,1857
19,160,2093
6,160,2190
10,160,2721
8,160,1307
21,161,2028
10,162,2606
16,162,1355
13,162,1518
11,162,2429
22,163,268
11,164,792
1,164,2216
22,165,2603
12,165,55
17,165,2530
8,165,122
22,166,2506
6,166,1888
25,167,1735
10,167,2880
14,168,280
24,168,1132
17,168,2084
6,168,120
20,168,1387
20,169,1605
25,169,1474
2,170,1305
23,170,1850
13,170,465
11,170,1799
17,170,488
20,170,1845
20,171,2983
18,171,205
8,171,2938
22,172,367
10,172,2491
14,172,2863
6,173,1856
20,174,2771
2,174,534
20,175,1634
12,176,2822
14,176,449
2,176,2619
11,176,1133
19,176,356
1,177,2804
10,177,617
22,178,515
17,178,2970
7,178,2994
18,178,1557
4,178,908
4,179,1767
21,180,2806
8,180,2040
6,181,301
12,182,2681
6,182,2256
25,183,2935
22,183,328
5,183,2886
11,183,1832
14,183,140
7,183,2990
19,184,1199
24,185,401
5,185,157
10,185,421
1,185,1627
2,185,905
19,185,2341
16,186,843
10,186,2152
1,187,104
21,187,
2,187,2097
8,187,2318
23,187,1681
7,188,1935
4,188,923
15,188,2652
6,188,712
18,188,951
5,188,2433
10,189,
25,189,2086
5,189,32
21,189,1818
6,189,77
16,190,241
10,190,2285
2,191,917
19,192,1223
2,192,571
17,193,954
1,193,2598
5,193,879
18,194,2302
20,194,2524
15,194,2281
8,194,2824
5,195,1889
12,195,887
3,196,1457
11,196,605
9,196,1476
23,196,2767
5,197,441
2,197,713
3,197,2181
23,197,2099
5,198,2711
16,198,427
25,198,2753
24,198,592
3,198,663
14,199,1198
5,200,14
11,201,2804
13,201,548
7,202,577
17,202,404
15,203,55
9,204,1953
20,204,939
19,204,1246
5,204,2773
7,204,2393
18,204,1339
1,205,2525
21,205,2988
9,205,2332
14,205,953
4,206,38
25,206,1836
8,206,2334
1,206,2971
25,207,1121
19,207,965
16,207,629
19,208,2170
21,208,732
6,209,628
8,209,1678
18,209,868
21,209,77
4,209,2416
23,209,2102
5,210,1279
8,210,1799
18,210,462
2,210,2279
20,211,2672
9,211,2308
16,211,959
21,211,1504
4,211,2041
10,211,557
17,212,264
18,212,17
3,212,2637
14,212,2343
13,212,2196
7,212,1906
12,213,1366
2,213,508
25,213,628
13,214,431
12,214,1552
9,214,105
25,214,957
16,215,2416
10,215,1767
15,215,1447
6,215,1216
24,215,399
9,215,2364
8,216,252
15,216,1220
20,216,1020
16,216,932
1,216,1251
19,217,1172
22,217,1278
3,217,822
7,218,1095
22,218,2292
1,218,669
24,218,2957
8,218,1751
5,218,2668
16,219,2434
24,219,1491
11,219,1074
13,219,1806
14,219,2380
12,219,1167
8,220,1647
6,220,86
3,220,767
13,220,452
12,220,1163
1,221,2867
21,221,822
16,221,1596
10,222,1604
3,223,1994
1,223,462
15,224,2614
1,225,2468
3,225,1731
24,225,41
14,225,798
19,226,1959
25,226,2899
14,226,1624
4,226,2851
3,226,2897
10,226,995
4,227,2243
15,227,1947
3,227,856
18,228,2137
3,228,1900
13,229,2120
8,230,2407
23,230,312
24,230,2507
17,230,2097
9,230,1872
18,231,1631
6,231,2782
21,232,1517
19,233,2544
16,233,91
22,233,2044
25,233,2748
11,233,1265
9,234,1592
12,234,1068
22,234,2236
7,234,2048
7,235,1905
5,235,1333
20,236,1418
19,236,2525
14,236,1171
3,236,814
7,236,2372
24,236,2601
16,237,2
25,237,1837
15,237,2499
9,237,2116
4,238,2422
7,238,238
22,239,2058
11,239,2981
1,239,1986
20,239,268
17,240,1539
5,240,2350
4,240,1904
3,240,39
16,241,1797
23,242,1411
1,242,2376
25,242,1796
9,242,129
13,242,2328
19,243,585
18,243,2808
5,244,2188
7,245,619
2,245,1505
3,245,1169
13,246,1248
12,246,2162
4,246,1114
22,246,665
19,246,1680
12,247,2302
18,247,489
9,247,2482
15,247,2112
16,247,1541
7,247,1091
12,248,2200
12,249,1209
2,249,2911
17,249,1438
24,249,1765
13,249,1338
4,250,1338
4,251,365
10,251,2262
16,251,2270
12,251,1574
25,251,1692
19,251,1073
3,252,1014
1,252,1003
22,252,2216
2,252,653
10,253,9
16,253,1478
1,253,121
21,253,1017
17,253,844
5,254,1806
15,254,2565
7,255,1256
25,255,2065
8,255,1094
24,255,1180
20,256,1493
11,256,791
5,256,2088
9,256,1843
13,256,295
19,256,2438
14,257,792
17,257,784
18,258,722
3,259,1185
18,259,668
23,259,382
20,259,2482
22,259,2116
15,260,1141
22,260,448
5,260,192
21,260,2204
3,260,857
7,260,2680
21,261,1601
14,261,2797
10,261,339
6,261,2749
18,261,1964
19,262,463
20,262,1209
25,262,346
7,262,1407
13,263,604
20,263,1244
5,263,1374
12,263,306
6,263,1917
14,263,1139
9,264,2206
25,264,2011
25,265,201
20,265,660
22,265,2777
12,265,1998
10,265,2447
25,266,2647
9,266,64
10,267,799
21,267,2323
22,267,1395
25,267,776
11,268,2523
4,268,1999
14,268,1550
6,268,2741
3,268,2203
2,268,1352
24,269,857
18,269,1249
11,269,1594
22,270,1311
15,270,1619
15,271,103
7,271,2739
6,272,2027
3,272,1918
23,272,1758
9,273,265
6,273,2225
5,273,2164
14,273,2708
1,273,2292
12,274,1793
8,274,1721
4,274,2721
14,275,2083
2,275,2649
21,276,1133
20,276,647
17,276,914
11,276,2571
11,277,1079
23,277,2521
25,277,2654
20,277,209
15,278,2290
14,278,683
18,278,589
7,278,2460
2,278,1433
18,279,597
6,279,323
17,279,938
12,279,326
2,279,1453
9,279,2130
25,280,2551
2,280,1428
5,280,1324
3,280,87
15,281,853
15,282,1
12,282,1488
8,282,44
13,283,2665
4,283,324
12,283,1746
23,283,1840
9,283,274
18,283,1815
21,284,350
8,285,940
13,285,1142
19,286,1799
12,286,1853
16,286,1482
14,287,925
18,287,1020
3,287,1240
17,287,2781
23,287,157
10,287,270
23,288,738
22,288,2751
13,288,2330
25,289,1814
22,289,1599
19,290,501
17,291,489
19,291,618
10,291,1089
8,291,267
17,292,911
1,292,2077
4,292,505
11,292,874
14,292,2896
3,293,160
11,293,298
10,294,2844
22,294,1034
17,294,2766
6,295,456
18,295,1349
14,295,2097
11,295,847
21,295,1496
11,296,2406
2,296,1341
8,296,363
21,296,2087
3,296,1795
16,296,2035
15,297,426
22,297,2010
23,297,2286
14,297,941
8,298,
23,298,441
10,298,1681
17,298,2
11,298,1250
6,299,2387
22,299,563
7,299,519
13,300,699
12,300,1802
22,300,1495
1,300,867
6,301,634
11,301,649
18,302,196
3,303,1865
8,303,2783
7,303,2501
15,303,98
7,304,1970
15,304,-20
22,305,1175
11,305,2031
20,305,867
9,305,2765
7,305,2476
10,305,2831
24,306,2156
7,306,927
2,306,1291
16,306,2327
10,307,1612
1,307,1860
11,307,1939
21,307,2562
13,308,
19,308,2
11,308,2286
3,308,1206
2,308,1777
18,309,2806
22,309,1230
15,309,2602
4,310,1652
11,310,2918
8,310,885
16,310,648
20,310,2165
17,310,1300
23,311,623
11,311,1479
8,311,1345
4,311,2676
12,311,937
25,311,825
15,312,2887
12,313,1371
1,313,741
17,313,740
16,313,947
22,313,630
25,314,2929
14,314,1820
17,314,2023
19,315,1117
10,315,1835
9,315,144
17,315,847
21,315,1237
22,315,1623
10,316,1443
16,317,1945
25,317,294
6,317,1704
12,317,1751
1,317,-20
12,318,186
7,318,507
4,318,1000
24,318,1280
17,319,2765
10,320,1419
13,320,2753
17,320,1917
24,320,1045
20,320,1131
25,321,2772
6,321,312
10,321,150
4,322,2268
1,323,646
14,323,348
2,324,1199
3,325,2369
16,325,2835
23,325,692
15,325,2406
24,326,2634
17,326,826
13,327,2130
11,327,2675
24,327,1098
8,327,2403
12,327,2047
15,328,1172
24,328,2905
20,328,1870
24,329,409
4,329,182
11,329,436
24,330,420
2,330,1212
7,330,2193
16,330,2821
20,331,2155
4,331,1653
16,331,2984
1,332,126
8,332,1028
23,332,427
19,332,1751
18,332,380
7,332,746
8,333,1221
13,333,1201
14,333,1301
17,333,568
25,333,1535
5,334,1507
9,335,1296
18,335,424
4,336,206
2,336,1180
19,336,2690
5,336,2610
6,337,2603
13,337,-20
15,337,1602
12,337,1573
17,337,2081
4,337,940
14,338,2537
13,338,2540
6,338,1815
10,338,2600
12,338,1018
4,339,72
20,339,787
6,339,1331
11,339,1039
15,339,1207
12,339,1190
10,340,2847
7,340,653
11,340,1754
17,340,2767
1,340,1606
15,340,1330
1,341,1036
2,341,1981
22,341,2929
5,342,497
8,342,2149
23,343,2654
22,343,987
3,343,2513
17,343,1078
16,344,1375
23,344,230
24,344,1897
16,345,224
5,345,2187
11,345,17
24,345,1200
14,345,1010
18,345,2808
18,346,2956
14,346,619
15,346,1651
20,346,230
11,346,2953
2,347,215
19,347,2340
9,347,2267
21,347,767
13,347,2173
17,348,791
25,348,701
23,348,1787
18,348,538
13,348,1704
12,349,736
6,349,65
4,350,2173
24,350,107
22,350,2060
16,350,1417
3,350,599
25,351,805
1,351,2900
22,351,606
11,351,1182
22,352,821
23,352,982
6,353,147
22,354,1552
9,354,2755
17,354,1278
11,354,635
1,354,2042
8,354,1371
4,355,2019
11,355,277
13,355,1417
25,355,886
5,355,2032
24,355,1088
11,356,1824
16,356,2786
8,357,654
19,357,2304
21,357,1939
15,357,2145
22,357,1746
5,357,278
13,358,2112
17,358,490
5,358,73
8,358,1742
12,358,2081
7,359,1723
2,360,1089
25,360,668
5,360,318
4,360,508
14,360,2866
9,360,1392
15,361,
24,361,1470
11,361,1913
5,361,2877
17,362,1681
9,362,1021
7,362,2110
23,362,1528
22,362,2099
14,362,1808
2,363,1628
24,363,1729
12,363,1860
22,363,2254
16,363,1318
14,363,2368
3,364,2644
21,364,454
10,364,1131
10,365,1566
1,365,744
13,365,2022
8,366,1355
3,367,730
15,367,406
10,367,2453
16,367,931
22,367,1001
11,367,982
22,368,1709
1,368,2106
25,368,2921
8,368,2943
4,368,1337
1,369,2803
2,369,581
11,369,382
17,369,2093
21,369,988
5,370,890
2,370,284
11,370,1455
12,370,15
20,370,1717
9,370,1684
4,371,1094
19,371,2254
2,371,499
8,371,1780
10,371,1495
21,372,2662
2,372,2106
3,372,1825
17,373,1313
9,374,1476
3,374,826
17,374,2677
16,374,64
6,374,279
18,374,2221
8,375,1376
12,375,2604
5,376,708
18,376,2916
17,377,795
12,377,1895
4,377,148
24,377,2732
1,377,1928
16,378,1128
13,378,1853
1,378,2212
17,378,2293
1,379,1799
10,379,2004
16,379,1907
17,379,857
12,379,1651
9,379,580
25,380,213
13,381,2789
6,381,1901
19,381,2400
8,382,749
24,382,1281
14,382,2748
7,382,2388
1,382,1830
5,382,2531
14,383,2571
3,384,593
4,384,574
24,384,1611
13,384,869
23,384,580
14,384,123
24,385,675
22,385,628
4,385,291
20,385,1782
1,386,2611
18,387,765
14,387,703
10,388,2728
23,388,676
2,388,1098
20,388,1741
9,388,2972
21,388,2821
21,389,671
23,389,1328
25,389,2552
22,389,2753
22,390,2829
2,390,1689
15,390,2365
3,390,728
24,390,2023
6,390,2018
12,391,154
8,391,1942
21,391,1640
19,391,1420
16,392,2218
14,392,357
11,392,729
15,392,2546
2,393,22
13,393,880
16,393,2812
25,393,2018
18,394,1827
3,394,1615
14,394,2711
1,394,783
2,394,326
15,395,2112
1,395,2907
16,395,1723
3,395,2574
19,395,2583
16,396,2012
4,396,869
15,396,1112
14,396,1602
12,396,2511
1,396,1683
17,397,2303
22,398,230
13,399,1546
1,399,970
16,399,2259
24,400,1306
25,400,1354
22,400,2082
15,400,1167
8,400,2806
4,401,674
11,401,450
3,401,310
1,402,2031
11,402,2240
6,403,766
4,404,2532
20,404,-20
19,404,2422
9,404,72
25,404,191
7,404,1195
22,405,1361
19,406,2658
11,406,2921
3,406,2398
2,406,1451
11,407,2964
14,408,941
2,408,1264
11,409,2452
4,409,2092
15,409,2994
12,410,589
25,411,2188
4,411,1757
15,411,1949
5,411,2996
8,412,843
23,412,684
7,412,2069
18,412,1781
25,412,1160
15,412,332
22,413,1252
8,413,2051
21,413,2617
1,413,2218
11,413,831
3,413,1938
17,414,1779
21,415,1155
8,415,1607
11,415,1551
15,415,1162
13,416,381
3,416,2743
16,416,1726
19,417,563
3,417,45
23,417,774
19,418,2678
2,418,1663
4,418,1273
3,418,2691
7,418,1075
14,418,459
5,419,1352
4,419,1007
17,419,1359
23,419,192
1,419,1796
14,420,2481
24,420,2053
6,420,2464
25,421,1921
7,421,2434
17,422,1412
24,422,2215
16,422,1033
5,423,288
21,423,748
23,423,678
3,423,1664
15,423,1674
12,423,208
4,424,2746
18,424,1363
20,424,1621
19,424,2404
16,424,1400
3,425,888
18,425,2009
21,426,1710
2,426,2214
12,426,2261
9,426,2041
4,426,1853
20,427,2842
18,427,1068
2,427,492
22,427,1055
18,428,871
11,428,515
1,428,205
17,428,964
1,429,987
11,429,1341
2,430,70
19,430,2597
6,431,1734
25,431,700
18,431,2408
24,431,954
8,432,803
22,432,1472
2,433,884
9,433,357
16,433,90
22,433,731
18,433,1918
13,434,337
17,434,53
18,434,245
24,434,2978
25,434,248
6,434,590
8,435,247
19,436,347
5,436,1169
8,436,755
14,436,565
11,436,576
3,437,2027
20,437,1621
13,438,1091
21,438,233
3,439,744
2,439,2485
18,439,727
21,439,1638
14,439,1708
7,440,1330
20,440,191
13,440,1162
14,440,2781
24,440,987
11,441,213
8,442,1594
5,442,1466
13,442,2492
8,443,1133
20,443,1147
19,443,2930
8,444,2119
22,444,428
18,444,703
3,445,2999
23,445,2910
16,445,440
25,445,31
22,445,1791
16,446,1891
1,446,1057
1,447,1345
10,447,1854
8,448,1980
5,448,2080
21,448,2876
14,448,1771
23,448,1332
13,448,1623
23,449,597
8,449,2062
9,449,229
19,449,668
22,450,2157
2,451,14
4,451,2148
5,451,2059
13,451,1411
22,452,1577
10,453,957
16,454,2416
19,454,788
18,454,651
10,455,1828
20,456,2952
10,456,1598
25,456,642
3,456,2714
15,457,112
10,457,1919
6,457,1695
13,457,2676
11,457,1349
5,458,2291
18,458,2491
15,458,312
2,458,714
7,459,2265
5,460,629
14,461,2652
4,461,1398
21,461,1545
23,461,1255
19,461,537
1,462,593
5,462,853
4,462,2326
20,462,2483
18,462,175
17,463,2397
4,463,2658
9,463,553
1,463,1180
10,463,484
17,464,138
6,464,1140
24,464,1077
23,464,1005
22,465,1100
13,466,123
14,467,1665
21,467,971
1,467,538
9,467,2006
16,468,2624
8,468,1497
13,469,2852
12,469,2224
24,469,1228
1,469,2296
3,469,351
4,470,148
18,470,1443
15,470,2407
5,471,2860
20,471,2369
14,471,1670
18,471,47
19,471,867
4,471,1678
14,472,1102
13,472,406
10,472,2751
17,473,466
19,474,1186
6,475,1526
12,475,818
18,476,228
19,477,1397
22,477,2874
7,477,43
1,477,1224
11,477,828
3,477,2724
11,478,449
7,478,900
18,478,2935
21,479,722
18,479,807
10,480,323
19,480,101
18,480,177
6,480,1445
2,481,2274
5,481,1004
4,482,645
23,482,2623
1,482,801
19,483,220
2,484,1738
20,484,878
17,484,1341
8,485,322
13,485,2266
3,485,283
10,485,1297
17,485,1149
15,485,147
22,486,1157
9,486,1524
16,486,2884
17,487,746
23,487,2516
8,488,2013
13,488,1356
10,489,550
20,489,-20
7,490,682
18,491,545
3,491,2957
4,491,1760
5,491,2569
16,491,2402
13,491,1189
3,492,1505
14,492,2944
3,493,2872
7,493,1572
18,493,2420
21,494,861
5,495,2917
13,495,1049
12,495,368
4,495,2971
13,496,680
12,496,1167
24,497,2128
25,498,2116
21,498,1099
11,498,10
8,498,678
24,498,2879
10,498,1256
6,499,2136
15,499,1705
19,499,259
1,499,1994
19,500,2185
2,500,1392
14,500,2260
16,501,452
1,502,380
11,502,2339
5,502,2491
8,502,2254
24,502,783
16,503,1884
22,503,1897
18,503,1849
2,503,1417
13,503,901
10,503,1433
13,504,2556
22,504,189
17,505,2852
12,506,2563
3,506,814
8,506,2006
11,507,716
23,507,1674
21,507,529
23,508,1025
12,508,2528
21,508,2051
14,508,1504
7,508,2377
24,509,2531
23,509,536
15,509,1831
18,509,665
14,509,2069
25,509,329
18,510,1908
19,510,370
7,510,2033
16,510,254
20,510,283
10,511,2166
15,511,297
6,511,2223
5,511,1174
9,511,629
25,511,1954
8,512,450
15,512,1720
19,512,2793
5,513,2222
19,514,2233
20,514,497
15,514,2419
15,515,2798
1,515,2916
16,515,1742
21,515,48
25,516,977
12,516,2566
8,516,61
5,516,481
9,516,402
20,516,
23,517,375
19,517,2161
2,517,802
17,518,1462
2,518,2962
20,518,17
10,518,2781
10,519,37
16,519,1045
18,519,1303
6,519,1989
22,519,1107
1,519,2368
13,520,66
25,520,2894
24,520,2582
17,520,2215
14,520,330
3,520,1414
8,521,2157
21,522,1736
7,523,2822
4,523,664
14,523,34
25,523,1324
25,524,2651
4,524,1834
9,524,2794
24,525,369
16,525,233
18,525,149
5,526,2390
18,526,1512
25,526,239
4,527,675
8,527,66
3,527,1966
12,527,1468
20,527,2022
15,527,739
3,528,1314
15,529,2009
16,529,2057
8,529,2596
22,530,2844
5,530,2967
12,530,1226
1,530,2671
11,530,2827
13,531,1839
18,531,2442
2,532,355
1,532,2222
25,532,1142
17,532,631
21,533,383
17,533,1133
1,533,617
15,533,260
8,533,262
15,534,2812
4,534,2834
3,534,2962
2,534,2572
23,534,1557
18,534,2301
10,535,1303
24,535,1996
23,535,1745
21,535,2486
5,536,867
14,536,2398
1,536,242
25,536,523
23,536,218
10,536,2427
21,537,201
20,537,1665
15,537,2245
10,537,2010
21,538,2577
20,539,2850
4,539,2030
24,539,1025
1,540,2139
11,540,1906
3,541,1916
13,541,1936
11,541,210
1,541,507
2,542,1432
23,542,2559
11,542,945
18,542,901
20,542,2660
19,543,1675
20,543,469
22,543,1728
23,543,1515
14,544,1922
11,544,2752
5,544,53
11,545,927
22,545,2498
20,546,2257
22,546,411
18,546,1880
12,546,1368
4,546,1101
7,547,915
6,548,2407
2,549,2451
24,549,1061
17,549,1239
5,550,2001
15,550,2568
22,550,405
17,550,891
9,551,2560
4,551,716
5,551,817
7,551,2026
14,551,1361
13,551,2731
12,552,2714
3,552,1222
7,552,392
10,552,269
2,552,1247
17,552,1526
7,553,16
6,553,351
5,553,356
16,553,1486
10,553,2477
8,554,609
15,555,1860
24,555,556
21,555,2053
3,555,1849
22,556,1540
5,556,455
7,556,1250
6,556,2624
13,556,1456
17,557,1898
15,558,1713
14,558,2929
1,558,1552
18,559,41
24,559,935
9,559,1987
15,559,64
4,560,2907
18,560,1687
7,561,2081
24,561,33
18,561,1857
16,562,2951
13,562,473
10,562,837
13,563,1488
14,563,1580
5,563,2635
4,563,2396
9,563,714
16,563,208
4,564,389
25,564,2863
1,564,1223
12,564,1437
13,564,203
15,565,1160
7,565,2491
9,565,2101
17,565,269
16,565,743
22,565,2915
11,566,2326
3,567,1233
9,567,1817
17,567,125
6,567,1461
20,568,2268
8,568,601
21,568,2831
23,568,2877
25,569,1633
6,569,1112
16,569,2688
23,569,1700
15,569,1331
1,570,1297
9,570,208
2,570,2635
7,570,1448
19,570,1746
13,570,497
4,571,48
3,571,2287
14,571,1513
9,572,1035
15,572,2529
24,572,349
8,573,742
13,573,1123
19,573,1434
17,573,1092
20,573,2797
5,574,72
18,574,2858
14,574,2956
22,574,816
11,574,977
23,574,738
2,575,19
10,575,734
20,576,2906
25,576,384
21,576,2881
15,576,2028
10,576,147
25,577,2786
5,577,1686
10,577,2258
8,577,2246
6,577,1639
20,577,807
8,578,1389
20,578,2865
16,579,2669
11,579,2977
17,579,1405
10,579,1447
2,579,1478
23,579,2863
8,580,2432
15,580,2834
10,580,1242
18,580,2624
13,581,740
20,581,15
10,581,34
6,582,1530
4,582,904
10,582,2325
19,582,281
24,583,2668
13,583,1105
2,583,1367
1,584,2247
19,584,2752
2,584,2274
5,584,802
10,584,2661
13,585,2425
15,585,1161
3,585,720
7,586,2109
6,586,574
11,586,1965
5,586,2560
10,586,2225
21,586,1474
5,587,2939
13,587,2816
6,587,2307
1,587,73
8,587,123
5,588,2861
11,588,1791
19,588,1475
23,588,2986
10,588,1373
17,589,2883
7,590,103
4,590,457
14,590,556
9,590,2077
1,590,311
6,590,1800
8,591,1312
8,592,2482
20,592,
19,592,839
9,593,1283
16,594,2643
4,594,2372
13,594,1136
18,594,1328
20,594,490
2,594,2385
23,595,447
13,595,1022
24,595,1734
21,595,1481
17,596,277
15,596,2671
19,596,610
9,596,2318
3,596,901
10,596,1442
18,597,1559
6,598,232
25,598,2739
3,598,2833
18,598,1369
11,599,228
20,599,1280
3,599,1266
16,600,1032
13,600,1050
4,600,2395
3,600,2453
1,601,1625
20,601,2598
18,601,2042
22,601,1293
9,601,1604
19,601,1976
5,602,2663
12,603,2653
3,603,773
20,603,1548
7,603,1910
18,604,2809
6,604,747
24,604,2842
8,605,2621
13,605,2162
6,605,1024
2,605,1314
21,605,2496
9,605,1710
12,606,2079
5,606,1814
23,606,2045
3,606,520
15,606,2037
17,607,1134
22,607,1032
18,608,2261
17,609,2374
6,609,2232
23,609,1510
16,610,2217
21,610,846
25,610,2652
1,610,2459
4,611,15
25,611,1262
18,611,2472
7,611,1220
8,612,2306
16,612,144
13,613,2182
5,614,2742
4,614,1012
14,614,2224
12,614,1742
24,614,2725
1,614,1386
21,615,2157
3,615,951
10,616,1287
17,616,2204
14,616,1589
5,616,1678
8,616,742
18,616,2226
7,617,352
18,617,1598
25,617,182
11,617,2276
9,617,170
19,618,1630
19,619,2967
2,619,345
11,619,1926
13,620,2774
3,620,986
9,620,1141
18,620,2118
6,620,2575
15,620,1762
20,621,2951
23,621,421
18,621,1557
21,622,43
3,623,2213
25,623,2683
21,624,1299
15,624,531
18,624,569
24,624,2685
25,625,511
8,625,1534
23,625,64
4,625,1821
1,626,632
22,627,444
16,627,2158
19,627,1862
3,627,2778
10,627,2870
25,628,298
5,628,601
6,628,2955
8,628,281
3,628,2256
23,628,1872
19,629,2482
23,629,658
9,629,393
11,630,1802
4,631,202
23,631,2387
13,631,1095
9,631,260
11,631,1635
21,632,101
12,632,767
13,633,1716
16,633,1438
13,634,1700
9,635,2796
18,636,1972
1,636,1554
20,637,1343
6,637,2458
8,638,1236
15,638,2918
23,639,2672
11,639,2414
21,639,605
6,640,560
13,640,1028
16,641,1820
4,642,1123
16,642,2151
5,642,637
16,643,959
20,643,653
3,644,1323
18,644,2387
13,644,1375
24,644,2477
6,644,545
2,645,2380
13,646,829
19,646,828
16,647,2361
5,647,2434
19,648,1654
3,648,
13,648,2707
3,649,2481
2,649,689
15,649,1561
23,649,1027
21,649,2203
10,650,1498
9,650,2696
12,650,1294
23,650,1818
15,650,2383
1,650,1695
18,651,1675
19,652,18
6,652,383
22,652,1547
20,652,1784
21,652,1187
12,652,868
4,653,757
17,653,2957
18,654,2554
2,654,241
7,654,2525
19,654,2256
2,655,849
19,655,2917
24,655,1314
15,655,188
4,656,2875
11,656,182
9,656,1757
18,656,193
23,656,1413
25,657,1344
23,658,2681
4,658,2288
22,659,1828
6,659,464
9,659,2611
15,659,2128
22,660,549
9,661,1074
2,661,800
20,661,1548
7,661,2147
8,661,964
8,662,126
19,662,2261
1,662,148
15,662,2038
18,662,1112
10,662,581
11,663,1005
13,663,901
9,664,1209
22,664,294
20,664,2681
8,665,265
14,665,1288
19,665,395
2,665,2648
25,665,338
24,665,2366
7,666,870
24,666,2167
13,666,2056
14,666,1742
23,666,2418
12,666,2723
9,667,1501
23,667,1374
19,667,2344
18,667,2180
10,667,2611
2,667,1574
15,668,1898
3,668,530
25,668,681
13,668,149
8,668,177
17,669,876
14,669,62
18,669,1382
16,669,2598
15,669,551
13,669,1035
1,670,242
1,671,2681
19,671,9
18,671,1818
25,671,2747
19,672,562
20,672,2448
12,672,1572
13,673,676
15,673,141
16,673,238
17,673,678
10,673,1694
9,674,2455
1,674,1072
24,674,463
3,674,2671
4,674,1847
20,674,315
7,675,1614
23,675,2607
2,675,1677
22,676,18
3,676,554
17,676,92
10,676,443
2,676,521
6,677,814
5,678,705
3,678,922
25,678,2108
14,678,2457
2,679,535
11,679,878
23,679,212
19,679,2000
18,679,2196
20,680,1391
23,680,1591
7,681,1999
23,681,1572
11,681,2997
10,681,1928
22,682,1735
12,682,2891
16,682,2043
15,682,1269
8,683,1441
3,683,1371
11,683,2593
14,683,1088
9,683,656
5,684,677
10,685,1412
6,685,1397
2,685,2609
25,685,1007
23,685,392
13,686,2974
7,687,2219
8,687,582
3,687,787
17,687,463
10,687,2056
15,687,2571
3,688,1488
10,688,1134
9,688,258
1,688,1366
5,689,1269
1,689,1349
19,689,1724
8,689,2323
9,689,899
14,690,2818
6,691,740
20,691,1056
18,691,820
3,691,1154
24,691,471
15,692,2935
5,692,166
2,692,1365
12,692,76
6,692,376
20,692,568
18,693,48
17,693,2701
15,693,1977
12,693,1066
24,693,871
25,694,1183
4,695,1675
22,695,132
4,696,1910
18,697,884
4,697,485
13,697,2093
12,697,1692
2,698,906
6,698,824
7,698,1410
4,698,641
14,699,2229
24,699,2046
19,699,668
5,699,430
21,699,2403
20,699,1601
21,700,2040
22,700,1181
2,700,2867
11,700,2004
17,701,2583
22,702,2339
21,702,2906
25,702,1142
20,702,794
14,703,725
21,704,50
22,705,2316
20,705,202
10,705,998
8,705,2156
15,705,1419
7,705,2656
10,706,2333
20,706,1346
1,706,2037
24,706,1267
12,707,61
6,707,1289
16,707,84
7,707,2875
5,707,2045
24,707,2659
14,708,1031
22,708,1884
13,709,2721
4,709,1519
2,709,1230
7,709,550
3,710,2729
2,710,2912
18,711,1414
2,711,1152
5,711,1747
20,711,2712
15,711,1547
23,711,2910
5,712,2931
7,712,1870
25,713,2012
8,713,908
16,713,820
23,714,2726
17,714,1056
8,715,2423
20,716,1491
10,716,1330
2,716,272
7,716,1113
8,716,2536
23,717,2629
11,717,2606
8,717,2558
17,717,950
4,717,925
12,718,1853
15,718,809
14,718,825
24,718,1556
21,718,433
13,718,954
17,719,2657
8,720,1323
14,720,171
12,720,1984
3,720,1937
19,720,1010
9,720,632
6,721,2335
12,721,2359
1,722,474
19,722,1955
22,722,2034
18,722,746
21,722,2908
1,723,1111
9,723,1545
25,723,1655
3,723,18
15,723,680
5,723,871
25,724,2039
11,724,728
8,724,2512
16,725,2586
23,725,
22,725,525
25,726,657
7,726,1462
1,726,274
4,727,546
10,728,2587
20,729,546
16,729,2318
1,729,1557
3,729,1354
21,729,1283
24,730,8
14,730,407
6,730,2890
2,730,2150
11,731,2581
14,731,2356
4,731,193
17,731,346
3,731,414
16,731,558
9,732,2865
24,732,381
6,732,2806
8,732,1819
7,732,2228
18,732,2438
9,733,242
5,733,803
11,733,1067
13,733,1367
8,733,2258
24,733,304
22,734,313
12,734,1299
15,734,1420
20,735,155
12,735,2183
10,736,1281
4,736,1472
8,736,262
19,737,1175
13,737,1408
16,738,505
7,738,2587
7,739,755
11,739,1179
7,740,1307
15,740,1206
6,740,824
16,740,1368
9,740,176
12,740,1327
20,741,2662
2,741,692
23,741,1339
6,742,2804
10,742,104
11,742,351
16,743,1649
5,743,2936
18,743,265
17,743,2723
20,743,1718
18,744,823
20,744,2049
6,744,2515
16,744,1322
21,744,2787
15,744,
19,745,2272
10,745,2513
7,745,2949
5,746,222
22,746,2534
21,746,1336
8,746,106
5,747,2181
13,747,2084
9,747,1176
21,747,1108
22,748,2297
17,748,723
15,749,281
10,750,283
7,750,1902
12,751,1240
16,751,1811
19,751,1212
3,752,26
14,752,2962
9,752,2295
19,752,1381
5,753,2568
17,753,1965
23,753,2213
25,753,253
12,754,2178
3,754,1513
10,755,557
3,755,2698
2,755,2902
15,755,2995
1,755,175
11,755,908
12,756,2644
2,756,1257
23,756,992
22,757,437
13,757,1714
23,758,1877
3,758,401
19,758,2561
5,758,1044
2,758,1064
11,758,1041
8,759,409
2,759,250
13,759,2167
1,760,1837
18,760,2838
17,761,2826
13,761,1745
10,761,2583
24,761,1447
22,762,2248
25,762,1367
24,762,99
2,762,1014
15,762,2794
10,763,815
7,764,646
11,765,1040
14,765,1530
6,766,2221
7,766,2634
8,766,2647
4,766,1422
21,766,22
1,766,2522
25,767,85
5,767,24
14,767,2904
11,767,1924
10,767,937
17,767,1945
22,768,1860
14,768,2982
3,768,696
25,768,817
2,768,2338
5,768,1303
16,769,650
20,770,371
4,770,374
1,770,1053
17,770,1760
15,771,2191
10,771,1717
17,771,2890
10,772,2202
14,772,1777
15,772,1359
21,772,1050
7,772,2580
22,773,1578
7,773,2237
5,773,1154
20,773,2264
18,773,2375
16,774,2770
15,774,150
2,774,459
11,774,1204
10,774,1805
25,775,662
14,775,152
7,775,759
9,775,1774
16,776,332
22,776,116
10,776,1542
21,776,2736
10,777,2823
9,777,477
1,777,1494
14,777,2411
16,777,449
24,777,460
21,778,2055
14,778,2938
7,778,1216
22,778,2939
13,778,1066
25,778,1087
8,779,1523
25,779,2704
20,779,357
2,779,1030
19,780,1512
8,780,2789
1,780,884
10,780,2701
17,781,2786
11,782,
23,782,695
16,782,2706
21,782,753
24,783,185
12,784,2671
3,785,1005
6,785,2369
18,785,1198
1,785,970
3,786,2632
15,787,152
20,787,711
21,787,1151
23,787,2901
24,787,11
3,787,2928
8,788,2700
7,788,2609
21,788,429
12,788,147
2,789,631
18,790,2672
16,790,820
14,790,1985
25,791,816
16,791,2541
22,791,2856
21,791,391
4,791,2582
1,791,2493
4,792,274
8,792,1298
12,792,854
7,792,604
8,793,1144
11,793,2771
24,793,2381
5,794,394
16,794,1503
19,794,2780
7,795,1783
10,795,2066
21,795,1238
22,795,2936
11,796,562
25,796,19
14,796,1908
12,796,303
21,796,1955
20,796,1298
25,797,1618
7,797,1202
25,798,1050
11,798,1560
3,798,1564
1,798,205
19,798,189
14,798,722
4,799,1951
2,799,970
6,799,214
21,800,561
4,800,432
24,800,938
23,800,840
14,800,373
10,801,1007
15,801,1014
6,801,1368
18,801,2101
6,802,2952
17,802,144
25,802,1436
2,803,2541
8,803,1131
5,803,2808
19,804,1309
1,804,225
12,804,1817
21,804,1333
14,804,1012
15,805,2165
25,805,2033
22,805,361
16,805,1624
18,806,488
10,806,610
6,807,2407
24,807,1086
3,807,65
17,807,1159
23,807,915
10,808,350
8,808,2253
7,808,2904
3,808,874
12,808,1654
1,809,445
25,809,396
6,809,1020
8,809,1292
24,810,73
17,810,1789
16,810,1083
11,810,927
16,811,2332
23,811,2749
22,812,1980
17,812,255
21,813,68
25,813,1347
8,813,384
11,813,1956
14,813,1405
9,814,1663
18,814,1367
4,814,1142
14,815,585
4,815,499
11,815,1089
16,815,1312
6,815,1975
24,815,2333
2,816,185
8,817,1305
16,817,1378
15,817,1116
24,817,490
5,817,1043
9,817,1788
21,818,1783
8,818,301
1,818,1195
16,818,2602
20,818,779
10,819,1414
14,819,308
7,819,1965
1,819,78
6,819,354
2,820,2546
11,821,719
9,821,986
1,821,177
12,821,433
2,822,295
19,822,1501
3,822,838
11,823,2293
25,823,1253
20,823,687
6,823,2676
3,824,1007
22,824,2930
14,824,2745
1,824,801
5,824,2781
16,824,480
2,825,1520
24,825,2650
24,826,784
5,827,581
21,828,1768
2,828,997
19,828,2425
8,828,546
24,828,639
12,828,1834
17,829,2972
19,829,2671
4,829,2086
5,829,2233
8,829,1510
9,830,2277
21,830,395
4,830,2390
5,830,1504
5,831,912
15,831,270
16,831,1269
19,831,2434
12,832,1493
23,833,1780
8,833,87
24,833,2511
17,833,2472
14,833,2936
25,834,2964
5,835,1962
16,836,2898
15,836,2325
8,836,1030
9,837,2221
22,837,1866
7,837,46
1,837,1182
5,837,657
24,837,438
4,838,1653
3,838,433
6,838,1122
20,838,2508
10,838,2
2,839,2633
24,839,1216
5,839,2923
5,840,2896
17,840,375
8,840,2522
25,841,2039
22,841,283
3,841,998
19,842,2025
13,842,1843
8,842,1427
10,842,1038
1,842,66
17,842,2415
16,843,2243
9,843,510
6,843,894
15,843,2300
24,843,2505
12,844,2014
3,844,2008
15,844,1973
6,844,2516
17,844,1019
22,844,1721
9,845,1319
13,846,799
22,847,160
21,848,1455
4,848,2740
22,848,112
16,849,6
22,850,388
23,850,1239
14,850,1848
20,851,1442
21,851,728
14,851,2644
8,851,1687
5,851,2601
14,852,2324
3,852,2947
23,852,2965
13,852,668
6,852,1158
4,852,1213
21,853,553
25,853,754
17,854,1675
18,854,1722
5,854,1239
19,854,1706
20,854,2320
2,854,100
9,855,539
22,856,1110
18,856,2628
16,857,1050
2,857,292
5,857,2877
23,858,2769
20,858,1183
18,859,360
22,859,2133
5,859,1258
15,859,348
4,859,2524
17,860,1436
13,860,352
4,860,687
10,860,324
2,860,136
14,860,1094
6,861,2220
23,861,-20
12,861,384
13,862,2494
12,862,2502
16,862,1940
22,862,973
14,862,2936
1,862,511
2,863,2472
19,863,2351
21,863,2390
11,863,1450
3,863,274
18,863,1684
18,864,281
24,865,67
21,866,2263
1,866,1416
11,866,619
21,867,2809
6,867,1885
5,867,2298
20,867,347
17,868,440
7,868,2535
13,869,1058
17,869,1314
8,869,857
8,870,2369
23,870,2757
1,870,2138
22,870,2077
19,871,2654
2,871,1923
24,872,2861
23,872,301
9,872,13
17,872,772
5,872,1342
25,873,1899
15,873,2846
3,873,1431
14,873,1450
12,873,114
11,873,461
9,874,2505
14,874,1299
11,874,2756
13,875,426
2,876,434
12,876,2670
3,876,2160
2,877,963
23,877,364
20,877,698
3,877,411
1,878,178
23,878,2016
17,879,2976
23,879,814
18,880,1076
3,880,
4,880,480
14,881,2974
24,882,16
25,882,757
2,882,2421
3,882,1462
4,883,412
20,883,659
2,883,1912
12,884,1911
7,884,70
1,885,2197
10,885,1102
15,885,363
5,885,867
11,885,2159
7,885,2581
7,886,1657
17,886,1982
3,886,2660
13,886,2187
1,886,1800
8,887,2260
21,887,368
12,888,2791
25,888,2404
1,889,63
10,889,739
8,889,2429
3,889,2982
22,889,2199
9,890,1092
2,890,2335
3,890,2435
16,890,845
10,890,2443
8,891,1069
22,891,399
24,891,2555
12,892,2273
9,892,1393
22,892,2061
5,892,55
16,893,1590
25,893,76
23,893,865
13,893,1178
3,893,1284
10,894,312
1,895,381
13,895,216
8,896,2547
18,896,445
15,896,2741
4,897,2846
25,897,2443
21,897,207
7,897,2987
9,897,2632
24,897,1023
8,898,1747
1,898,30
15,898,2952
5,898,2551
23,899,2081
12,899,1224
3,899,2679
14,899,2054
24,900,31
10,900,2132
22,900,2270
6,900,2787
15,900,2021
7,901,649
20,901,1159
10,902,2801
24,902,883
15,902,2313
1,902,2310
15,903,4
5,903,1176
4,904,2845
9,904,521
6,904,2100
12,904,687
8,904,904
10,905,1163
16,905,2628
15,905,2214
20,905,2199
5,905,2642
15,906,2978
6,906,85
13,907,1285
16,907,2604
20,907,1137
2,907,1971
15,907,48
10,908,887
14,908,84
8,908,2653
9,909,1020
7,909,1063
8,910,550
2,910,1078
20,910,2162
11,910,1887
21,911,2982
18,911,23
11,911,2553
2,911,1528
20,912,2766
10,912,1155
3,912,1842
16,912,629
14,912,1132
7,912,2344
25,913,434
7,913,1670
19,913,1033
5,913,1588
6,914,1828
6,915,870
10,915,806
21,915,132
18,915,5
17,916,1497
15,916,169
12,916,986
18,916,2967
11,916,1586
20,917,2480
13,917,1855
12,917,1909
10,918,611
15,919,846
7,919,2025
25,919,401
14,919,2040
19,920,373
1,920,1677
20,920,294
23,920,1243
23,921,975
19,921,1995
7,921,153
4,921,630
8,921,964
11,922,616
9,922,1704
13,922,1898
3,922,1858
19,923,2320
25,923,2992
10,923,22
7,923,883
20,924,1538
3,924,1300
17,924,2332
10,924,2236
12,924,277
19,924,1786
4,925,627
20,925,62
21,925,2616
11,925,1391
22,925,1605
12,925,2844
15,926,687
21,926,1526
4,927,1552
15,927,433
10,927,49
3,928,360
22,928,835
23,928,1620
14,928,1928
13,928,2886
12,929,398
19,929,1865
20,929,2106
1,929,50
17,929,937
23,929,2299
11,930,2233
7,930,585
16,930,1903
13,930,910
18,931,877
19,931,1559
24,931,798
14,931,2144
3,932,1497
24,932,1918
16,932,267
21,932,615
18,932,1817
25,933,2687
8,933,829
21,934,2175
13,934,1330
19,934,143
25,934,2090
1,935,1929
21,936,791
14,936,2091
8,936,2967
3,936,564
25,937,1508
12,937,1973
16,937,1670
5,937,2549
1,937,561
9,937,2558
15,938,34
18,938,314
12,938,2396
16,938,335
6,938,1027
5,938,1086
15,939,1046
3,940,2517
11,940,702
15,940,1791
17,940,2524
25,941,2969
10,941,2058
5,942,2661
20,942,2769
23,942,694
8,943,2837
25,943,622
21,943,2555
24,943,293
19,944,2173
11,945,51
23,945,2287
4,945,2440
24,945,1862
1,946,1562
14,946,2911
19,947,2706
4,947,1574
7,948,1957
8,949,234
1,949,2497
9,949,903
19,949,1886
5,949,581
14,950,728
8,950,1667
25,950,113
8,951,2742
15,951,2040
16,952,1914
5,952,312
18,952,1214
2,952,614
25,952,1909
21,952,600
3,953,227
6,953,2220
10,953,1725
17,953,684
4,954,1600
6,954,616
18,954,675
5,955,2035
19,955,1850
11,955,1378
20,955,1705
8,956,732
20,956,1090
3,956,1821
4,957,96
19,957,1668
11,957,1380
5,957,2150
20,958,1199
1,958,2571
25,958,1004
7,958,50
1,959,2066
21,959,807
3,959,2097
5,959,2167
3,960,1918
24,960,1051
23,960,1396
13,960,1816
9,960,1021
17,960,2534
13,961,909
18,961,1675
3,961,745
22,961,589
15,961,1120
9,961,2123
11,962,26
15,963,1569
10,963,1572
23,964,969
7,964,2205
9,964,861
21,964,789
15,964,2141
5,965,181
12,965,1146
14,965,1812
4,966,381
23,967,503
6,967,1670
8,967,428
22,967,1568
12,967,469
20,967,959
11,968,1263
25,969,665
17,969,42
14,970,1582
4,970,2376
18,970,1970
12,970,2850
1,971,564
3,971,143
9,971,1018
7,971,750
5,971,255
25,972,1655
20,972,1395
4,972,2833
9,972,714
2,972,2309
12,972,2511
20,973,949
9,974,2333
19,974,1103
22,974,1319
18,974,1570
16,975,852
7,975,805
14,976,577
1,976,2219
8,976,187
11,976,1112
3,977,2129
8,977,2482
9,977,2430
6,978,2897
23,978,2107
9,978,2557
5,978,2693
20,978,1186
16,978,2665
11,979,890
4,979,2327
18,979,540
5,979,888
21,980,1591
4,980,2557
24,981,730
1,981,313
14,982,696
12,982,252
18,982,2329
16,982,1957
13,983,963
5,983,247
22,983,1827
20,983,2055
8,983,2076
17,983,2616
8,984,781
15,984,2293
18,984,2220
16,984,869
9,984,1159
14,984,661
23,985,2181
23,986,2132
11,986,1353
14,986,2708
25,986,2285
18,986,545
1,987,33
20,987,1199
17,987,111
14,988,2269
14,989,43
20,989,1014
7,990,1418
18,990,1415
6,990,409
10,990,417
15,990,2107
4,990,2834
18,991,2133
6,991,1720
24,991,2925
10,991,2572
11,991,2104
3,992,1360
11,992,1241
17,992,1652
22,992,193
22,993,2733
24,993,56
25,993,244
8,993,2169
9,993,1810
17,994,759
24,994,147
14,994,2241
16,994,617
21,994,2968
19,994,234
20,995,2959
4,995,2247
11,995,1474
21,995,1824
14,995,1117
13,995,297
5,996,2503
3,996,751
18,996,2912
8,996,389
19,996,350
16,997,2197
11,997,2166
7,997,1861
3,998,2017
4,998,1293
11,998,1930
18,998,1860
2,998,2712
11,999,2754
22,999,1093
18,999,478
6,1000,666
13,1001,324
14,1001,420
21,1001,1298
19,1001,866
18,1002,1902
3,1002,2589
5,1002,2029
20,1002,2917
19,1003,1876
22,1003,1206
17,1003,1994
25,1003,2685
7,1004,1124
25,1004,2008
8,1005,19
19,1005,476
2,1005,35
5,1005,2906
1,1005,2008
4,1006,2789
17,1006,51
14,1006,2337
24,1006,785
6,1007,393
3,1007,823
11,1007,2621
22,1007,2750
24,1007,2677
4,1007,2153
10,1008,2143
12,1008,2377
15,1009,2180
3,1009,1027
17,1009,228
2,1009,2811
2,1010,492
14,1010,3000
1,1010,1136
17,1011,1114
11,1011,2046
16,1011,303
7,1012,2912
20,1012,2427
8,1012,2666
8,1013,240
16,1013,2658
24,1013,2610
11,1013,1806
20,1013,1528
15,1014,671
14,1014,868
16,1015,293
23,1015,1452
3,1015,2913
20,1015,163
14,1015,479
21,1015,601
15,1016,1777
4,1016,2055
6,1016,2055
6,1017,1419
1,1017,2868
13,1017,173
5,1017,1806
15,1017,1273
24,1017,422
3,1018,1366
12,1018,607
8,1018,2015
23,1018,349
18,1018,1575
15,1019,2386
25,1019,1558
20,1019,123
9,1019,2201
16,1019,1338
2,1020,2987
1,1020,1204
12,1020,1309
15,1020,2504
19,1020,45
5,1020,350
21,1021,2634
10,1021,2549
9,1021,1321
20,1022,2291
2,1023,2686
10,1023,1440
13,1023,2072
8,1023,1772
21,1024,1549
25,1024,2984
16,1024,2874
12,1024,1570
18,1025,2581
16,1025,2800
1,1025,1605
2,1026,2316
1,1026,483
10,1026,1844
3,1026,146
12,1026,1198
8,1026,2093
4,1027,713
4,1028,95
1,1028,2455
20,1028,2444
22,1028,832
21,1028,972
5,1028,2592
13,1029,1913
24,1029,91
7,1029,118
20,1029,1472
22,1029,1397
21,1029,1365
12,1030,2507
2,1030,2028
7,1030,1139
1,1030,2378
12,1031,2137
14,1031,1059
19,1031,32
5,1031,2160
25,1031,1229
20,1031,2647
17,1032,2430
23,1032,484
2,1032,903
3,1032,707
24,1032,578
17,1033,1423
4,1033,1265
2,1034,455
23,1034,1163
21,1035,2408
2,1035,1722
10,1035,854
4,1035,1077
12,1035,967
19,1035,1140
20,1036,2942
1,1036,1031
17,1037,1320
25,1037,217
3,1037,2923
19,1037,2960
8,1037,2535
1,1038,160
7,1039,2030
21,1039,278
19,1039,817
15,1039,869
6,1039,754
8,1040,2199
4,1041,942
14,1041,1301
10,1042,1495
16,1042,1831
4,1043,2560
16,1043,2281
7,1043,711
11,1043,2135
20,1043,876
7,1044,857
6,1045,1813
13,1045,1658
14,1046,230
4,1046,2703
16,1046,2872
24,1046,1442
19,1047,1494
5,1048,1771
23,1049,2363
9,1049,1629
21,1049,2899
2,1049,2811
8,1049,1470
3,1050,1347
18,1050,280
22,1051,1493
7,1051,1249
25,1052,2174
18,1052,2785
19,1052,2509
21,1052,2042
23,1052,879
10,1053,2679
17,1053,674
18,1053,2690
23,1053,1560
16,1053,2122
25,1054,2681
5,1054,2479
20,1054,1826
9,1055,2632
1,1055,1880
19,1055,1198
1,1056,868
8,1056,2850
13,1056,880
3,1056,1503
11,1056,1855
4,1056,697
22,1057,2289
19,1057,2305
14,1057,1063
1,1057,1750
23,1057,2409
17,1057,839
8,1058,2873
5,1059,1631
7,1059,2804
19,1059,2203
9,1059,650
14,1059,325
6,1059,678
2,1060,770
18,1060,2881
5,1060,2313
6,1060,1467
22,1060,1782
15,1061,269
10,1061,2364
20,1061,2879
22,1061,760
25,1061,237
12,1061,651
5,1062,1469
7,1063,2282
15,1063,317
13,1064,208
24,1065,2162
5,1065,698
12,1065,2275
22,1065,2623
3,1066,268
25,1067,1197
21,1067,1704
11,1067,605
10,1067,771
3,1067,2627
24,1067,514
4,1068,869
21,1068,2212
18,1068,1015
13,1068,2593
5,1068,2853
15,1069,2347
12,1070,2915
13,1070,152
19,1070,2144
22,1070,2909
4,1070,2682
22,1071,2327
2,1071,1059
5,1071,2262
25,1071,1260
8,1071,1494
8,1072,2982
17,1072,712
14,1072,2665
12,1073,1612
7,1073,33
2,1073,
18,1073,1852
14,1074,471
11,1074,188
10,1074,1855
24,1074,1858
11,1075,184
23,1075,1219
13,1076,1143
8,1076,1595
16,1076,1183
1,1076,2547
22,1076,2005
24,1077,2859
19,1077,958
21,1077,2933
3,1077,697
9,1077,2960
22,1078,2802
15,1078,364
12,1078,736
5,1079,93
9,1079,2181
18,1079,1705
21,1079,2342
23,1079,1590
15,1079,2720
14,1080,1109
15,1080,1034
1,1080,2687
22,1081,1716
12,1081,2985
16,1081,575
9,1081,1836
5,1082,307
20,1082,988
19,1082,967
16,1082,131
21,1083,2821
24,1084,1818
4,1084,2952
3,1084,864
9,1084,232
9,1085,2634
24,1085,2296
10,1085,517
19,1085,390
6,1086,1057
4,1086,2498
22,1086,804
19,1086,1759
19,1087,1627
21,1087,129
17,1087,792
13,1088,2712
11,1088,1669
8,1088,1626
16,1088,134
22,1088,1391
7,1089,2445
2,1089,1155
20,1090,-20
23,1090,1502
13,1090,314
15,1090,373
22,1091,940
3,1091,369
12,1091,1379
24,1091,2324
8,1091,2655
11,1092,2487
8,1092,638
7,1092,235
5,1092,2118
3,1092,4
23,1092,1698
24,1093,461
8,1094,1134
11,1094,19
13,1094,2270
6,1094,920
18,1094,196
2,1094,625
19,1095,2029
9,1095,2358
24,1095,1173
11,1096,1812
4,1097,1241
6,1097,1956
18,1097,54
7,1098,1232
21,1098,2890
11,1098,1810
1,1098,1648
16,1098,2528
14,1098,861
4,1099,119
1,1099,582
18,1099,1381
6,1099,1209
11,1100,2049
24,1100,446
6,1100,1926
15,1100,366
4,1101,2429
21,1101,394
10,1101,1191
11,1101,2786
6,1101,1305
22,1102,507
11,1102,1535
3,1102,1968
5,1103,1180
20,1103,1368
8,1103,2320
8,1104,2147
10,1104,2706
5,1104,599
6,1104,937
25,1104,977
2,1105,2234
22,1106,141
15,1106,272
5,1106,2139
25,1106,1180
19,1107,1309
4,1107,491
8,1107,2038
20,1107,714
3,1107,474
4,1108,2589
2,1108,1240
22,1108,723
14,1108,2790
6,1109,2608
18,1109,500
14,1110,136
12,1110,305
11,1110,1694
8,1111,2840
14,1111,2866
7,1111,479
22,1111,197
3,1112,930
21,1112,5
22,1112,2812
13,1112,973
2,1112,385
7,1113,2164
3,1114,499
17,1114,1295
4,1114,242
20,1114,738
16,1114,1570
25,1114,20
17,1115,389
8,1115,1587
25,1115,1505
20,1115,1704
13,1116,1054
12,1116,209
25,1116,1708
2,1116,1158
19,1116,2829
1,1116,2012
4,1117,2168
11,1117,2563
21,1117,1838
5,1118,1480
11,1118,682
21,1118,2253
17,1118,2074
10,1118,2226
1,1118,1456
2,1119,2723
20,1119,2557
25,1119,1367
10,1119,734
3,1119,2844
4,1119,2719
5,1120,1749
1,1120,1872
12,1121,1135
25,1121,1446
7,1121,2993
11,1122,2439
15,1122,1117
25,1122,961
20,1122,1663
13,1123,810
15,1123,767
12,1123,2642
6,1123,2441
21,1123,1073
16,1124,865
12,1124,849
20,1125,1349
18,1125,1002
14,1125,2191
25,1125,2656
8,1126,2347
18,1126,2315
9,1126,2359
11,1126,642
13,1126,1868
24,1127,637
22,1127,180
23,1128,2950
5,1128,2309
15,1128,551
24,1129,2449
9,1129,2051
13,1130,2107
1,1130,449
2,1130,1103
16,1130,1585
19,1130,119
4,1131,2208
1,1131,1892
10,1131,152
14,1131,1451
6,1132,2952
24,1132,2606
10,1132,1166
18,1132,1110
4,1132,2835
15,1132,1146
22,1133,323
18,1133,2137
24,1133,2790
3,1134,476
11,1134,2022
25,1134,2784
8,1134,438
14,1135,1523
10,1135,254
16,1135,1407
20,1135,1853
12,1135,663
1,1136,334
6,1136,2612
20,1136,2756
17,1137,1945
19,1137,746
16,1138,2830
15,1138,1710
4,1138,764
24,1139,394
1,1139,1039
9,1140,2091
1,1140,1985
24,1140,1817
4,1140,1549
19,1140,2961
4,1141,1380
3,1141,680
12,1142,2050
19,1142,1067
9,1142,224
23,1142,2779
12,1143,2937
9,1143,2795
19,1143,907
3,1143,2662
16,1143,709
22,1143,2090
25,1144,1481
17,1144,1615
11,1145,1991
15,1146,1188
6,1146,418
10,1146,1634
23,1147,2178
2,1147,1624
17,1147,1531
5,1147,1971
1,1147,971
19,1147,1750
4,1148,763
19,1148,1491
5,1148,2614
11,1148,93
17,1148,2320
14,1148,2541
5,1149,2384
13,1149,694
23,1149,2565
20,1149,1867
11,1149,522
17,1149,1212
18,1150,1383
7,1150,2454
1,1150,1785
9,1150,2563
19,1150,888
14,1150,2317
1,1151,26
20,1151,2027
9,1151,1240
19,1151,2947
24,1151,1789
8,1151,401
10,1152,29
16,1152,2816
19,1153,553
3,1153,207
6,1154,567
13,1154,1693
9,1154,2821
21,1155,2900
24,1155,2960
1,1155,1318
2,1156,583
13,1157,1783
19,1158,725
13,1158,754
3,1159,114
16,1159,750
20,1160,1041
25,1160,77
25,1161,568
24,1161,1412
8,1161,570
14,1161,1055
8,1162,1259
17,1162,1499
13,1163,1595
25,1163,1541
6,1163,921
22,1163,2851
11,1164,1663
5,1164,589
20,1165,1996
8,1166,1136
12,1167,1927
1,1167,762
21,1168,2766
6,1168,840
14,1168,2653
10,1168,1788
22,1168,2201
20,1168,2392
16,1169,2264
18,1169,1757
6,1169,571
9,1169,1097
21,1169,598
12,1169,1132
12,1170,1957
24,1170,2078
8,1171,2530
18,1171,2249
13,1171,1772
22,1172,1435
14,1172,1956
21,1172,2648
25,1173,2125
15,1173,2792
22,1174,1072
5,1174,1527
6,1174,2036
15,1174,1511
13,1175,2180
20,1175,1498
10,1175,1041
18,1175,2883
6,1175,2427
15,1175,1927
25,1176,2762
5,1177,2247
8,1177,875
20,1177,1509
12,1177,2935
20,1178,1839
13,1178,585
2,1178,1664
24,1178,70
16,1178,2326
22,1178,1384
5,1179,2763
2,1179,770
1,1179,510
10,1179,148
6,1179,2793
1,1180,2874
25,1180,2522
11,1181,336
9,1182,2042
12,1182,2323
17,1182,865
4,1182,309
15,1183,1998
4,1183,781
23,1183,590
20,1184,2944
2,1184,2000
22,1184,1848
23,1184,2349
14,1184,230
1,1184,2894
20,1185,1960
19,1185,846
25,1185,2452
21,1185,506
18,1186,1455
3,1187,1324
2,1187,763
15,1187,2802
8,1187,1136
1,1187,460
19,1187,1804
21,1188,2405
2,1188,1740
12,1189,1705
19,1190,2629
25,1191,1478
15,1191,537
17,1191,1576
7,1191,2880
3,1191,2702
4,1191,2493
13,1192,460
4,1192,1162
22,1192,2337
20,1193,1902
1,1193,267
23,1193,503
16,1193,
23,1194,2123
4,1194,2883
16,1194,2870
10,1194,1084
13,1195,2129
21,1195,1209
9,1195,266
25,1195,1348
6,1195,1790
20,1196,456
14,1196,1077
4,1196,2890
10,1196,2978
20,1197,1243
2,1197,1243
15,1197,1901
19,1197,1547
22,1197,969
21,1198,2954
11,1198,1465
8,1198,2567
14,1199,277
4,1199,387
11,1199,1391
1,1200,1391
6,1201,2892
18,1201,53
14,1201,371
8,1201,187
2,1202,76
14,1203,918
4,1203,1648
4,1204,737
19,1204,2392
7,1204,2003
8,1204,900
1,1204,805
2,1204,1544
23,1205,757
6,1206,2387
11,1206,1714
4,1206,1061
23,1206,2393
2,1207,1535
8,1208,1087
24,1209,1089
23,1210,1804
15,1211,804
23,1211,858
5,1211,2926
1,1211,563
20,1211,1572
22,1212,99
11,1212,313
12,1212,2851
14,1212,1259
9,1213,251
2,1213,2664
23,1213,2220
16,1213,1299
4,1213,165
4,1214,1165
19,1214,776
5,1214,599
9,1215,1385
25,1215,2466
15,1215,116
21,1215,857
22,1215,2666
6,1215,2541
15,1216,1764
20,1216,173
5,1216,1555
13,1217,2705
22,1217,2219
24,1218,2038
25,1218,2350
19,1218,2554
23,1219,1663
6,1219,2010
15,1219,2086
19,1219,805
13,1219,922
2,1219,1152
3,1220,1792
9,1220,2235
4,1220,1943
17,1220,2525
23,1220,1248
16,1220,1834
12,1221,464
18,1221,305
25,1221,1477
7,1221,276
1,1221,246
16,1222,755
21,1222,2460
17,1222,1801
20,1222,550
13,1223,278
19,1223,638
4,1223,1289
22,1223,2763
9,1223,2292
16,1223,488
13,1224,2033
14,1225,563
15,1225,2345
7,1225,322
11,1225,1281
22,1226,2285
3,1226,1842
4,1226,2335
7,1226,1531
8,1227,983
9,1227,1539
10,1227,2007
21,1227,2533
15,1227,2681
6,1227,1919
20,1228,919
11,1228,1163
12,1228,1819
19,1228,1262
24,1228,344
15,1228,531
7,1229,1915
9,1229,1461
11,1229,2955
17,1230,2288
8,1230,676
25,1230,114
20,1230,1588
5,1230,2956
15,1230,250
10,1231,2417
21,1231,1586
3,1231,1380
24,1232,2879
4,1232,2729
5,1232,1070
18,1232,933
24,1233,1319
18,1233,1370
19,1234,2514
13,1234,1228
23,1234,491
24,1234,1983
7,1235,1082
12,1235,2143
20,1235,884
18,1235,367
23,1235,550
19,1235,913
13,1236,2244
1,1236,969
23,1236,2179
4,1236,2128
2,1236,1726
20,1236,1199
21,1237,2123
3,1237,1454
13,1237,2794
9,1238,967
2,1238,103
20,1238,739
25,1238,908
3,1239,908
6,1239,752
1,1239,2853
16,1239,588
10,1240,887
6,1240,1188
17,1240,2953
4,1240,1663
16,1240,1441
15,1241,2939
24,1241,990
4,1241,1321
25,1242,2434
8,1242,896
17,1242,2805
6,1242,1179
20,1242,1048
14,1243,591
9,1243,2751
3,1243,1355
20,1243,590
18,1244,286
14,1245,707
20,1245,2881
18,1245,2626
10,1245,2119
22,1245,2417
13,1246,808
23,1246,1479
15,1246,1450
12,1246,1699
6,1246,157
5,1246,2854
22,1247,127
18,1247,2779
1,1247,1103
21,1248,1299
25,1248,2369
1,1248,1528
7,1249,2826
24,1249,1794
23,1249,326
8,1249,2294
3,1249,69
1,1249,1728
16,1250,1068
17,1250,665
7,1250,1438
11,1250,1758
5,1251,958
23,1251,2171
1,1251,1192
6,1252,2727
24,1252,2004
13,1252,1960
16,1252,2004
10,1253,2695
24,1253,1488
22,1253,1139
5,1253,2484
3,1254,1596
18,1254,411
14,1255,235
15,1255,988
1,1256,2096
18,1256,1124
14,1256,930
11,1257,1522
10,1257,1198
2,1257,554
14,1257,563
16,1257,383
7,1257,2447
14,1258,569
2,1259,786
11,1259,2013
6,1259,1074
17,1259,2052
24,1259,417
22,1259,1462
4,1260,841
12,1260,343
2,1260,2392
11,1260,181
7,1260,649
23,1260,567
18,1261,1929
15,1261,907
13,1261,2143
16,1261,2239
5,1262,1496
4,1262,960
13,1262,1968
21,1263,2176
9,1263,322
24,1264,1369
12,1264,2638
13,1264,1289
13,1265,1214
10,1265,1028
11,1265,2348
16,1265,1224
9,1265,1507
8,1265,2452
14,1266,
16,1266,1208
13,1266,493
15,1266,1207
19,1266,117
23,1267,2993
25,1267,12
22,1267,938
3,1267,173
9,1267,243
20,1267,1930
3,1268,120
7,1268,2036
24,1268,152
17,1268,2552
12,1268,2793
3,1269,2639
19,1269,1745
6,1269,1172
17,1269,1142
21,1269,2821
7,1269,2414
20,1270,2110
25,1270,2734
12,1270,1085
5,1270,110
23,1270,2150
15,1270,2236
7,1271,898
12,1271,86
13,1271,1855
9,1271,1455
4,1272,2464
18,1273,894
9,1274,885
16,1275,2529
12,1275,2916
9,1275,1530
23,1275,2580
21,1276,2608
8,1276,400
18,1276,2019
15,1276,1122
2,1276,2890
16,1277,953
13,1277,2043
25,1277,645
18,1277,1568
7,1277,1950
12,1278,2134
23,1278,2259
19,1278,2163
18,1279,2368
20,1279,2685
6,1280,1367
24,1280,431
3,1281,1439
24,1281,1392
21,1281,2210
7,1282,266
8,1282,848
17,1283,2754
24,1283,1328
14,1283,2776
7,1283,2298
12,1283,2809
23,1283,1825
7,1284,2277
5,1284,1729
21,1284,2979
3,1284,2395
6,1284,1584
12,1284,1715
23,1285,2355
19,1285,2776
7,1286,1158
1,1286,529
25,1286,629
13,1287,2921
24,1287,1858
18,1288,975
16,1288,1012
10,1288,1519
25,1289,2870
2,1290,2466
6,1290,2909
18,1290,2837
23,1290,940
16,1290,2817
4,1290,1710
4,1291,191
2,1291,2477
15,1291,1708
7,1291,1901
10,1291,611
19,1292,1496
12,1293,1870
13,1293,2495
13,1294,180
5,1294,1537
24,1295,2679
5,1296,1716
7,1296,1243
3,1296,2491
24,1297,2024
14,1297,2805
18,1298,2505
6,1298,680
19,1298,300
17,1298,2268
12,1298,2086
3,1299,2308
2,1299,710
12,1299,1914
20,1300,1970
14,1301,2116
3,1302,619
21,1302,1240
11,1302,2733
14,1302,1791
6,1303,2922
2,1303,1800
21,1304,2510
14,1304,1242
4,1304,2189
3,1304,472
15,1304,109
12,1304,286
4,1305,2204
10,1305,2325
6,1305,2390
12,1305,2202
21,1306,945
2,1307,1264
23,1307,2004
14,1307,926
3,1307,2222
20,1308,829
11,1308,2093
2,1308,235
18,1308,1037
1,1309,767
17,1309,2192
3,1309,1303
11,1309,2681
10,1310,2437
16,1310,2823
5,1311,447
10,1311,173
8,1311,2214
20,1311,2812
17,1312,328
8,1312,1651
12,1312,2482
4,1312,2330
22,1313,1660
9,1313,1616
25,1313,433
3,1313,2002
15,1313,2502
7,1313,2704
22,1314,2546
23,1314,833
14,1314,2878
6,1314,1238
7,1314,644
6,1315,491
23,1315,2870
13,1315,581
8,1315,2761
25,1316,1023
16,1316,2820
12,1316,2733
5,1316,1988
17,1317,1059
12,1317,2784
16,1317,89
18,1317,1880
23,1318,2475
5,1318,2954
6,1318,2142
15,1318,907
21,1318,2730
5,1319,864
20,1320,2475
20,1321,1077
18,1322,253
11,1322,1369
4,1322,1425
10,1322,1297
23,1323,2748
16,1323,430
18,1324,1213
2,1325,1815
3,1325,1189
20,1325,1454
10,1325,1210
22,1325,676
13,1325,1814
3,1326,1773
23,1326,2462
24,1326,1302
13,1326,2954
10,1326,1554
22,1327,2757
4,1327,865
5,1327,1321
7,1327,1848
24,1327,2973
18,1327,2724
25,1328,94
13,1328,162
5,1328,2458
9,1328,798
2,1328,2179
11,1328,1730
18,1329,1519
24,1329,1416
20,1329,500
4,1329,388
9,1330,728
8,1330,1194
25,1330,2734
15,1330,2458
7,1330,727
10,1330,1127
21,1331,301
16,1332,1343
10,1332,1502
2,1332,2583
22,1332,2893
17,1332,1828
20,1332,2929
23,1333,2594
6,1333,1872
13,1333,378
19,1333,2314
12,1334,1102
4,1334,1449
23,1334,180
16,1334,1641
10,1334,2747
8,1334,2545
10,1335,1595
6,1335,975
21,1335,559
8,1335,1674
3,1335,1358
9,1335,711
1,1336,2185
21,1336,1167
20,1336,1190
9,1336,157
11,1336,2772
7,1336,2766
8,1337,407
25,1337,1678
13,1337,19
14,1337,322
24,1337,1436
3,1337,43
11,1338,297
10,1338,2658
23,1339,367
24,1339,2825
21,1339,1995
5,1340,853
11,1340,1314
21,1340,1187
18,1341,1077
17,1342,136
22,1342,435
9,1342,242
13,1342,2551
8,1343,2436
3,1343,1326
19,1343,1275
25,1343,2829
5,1343,1604
14,1344,2733
13,1345,2334
24,1345,1206
7,1345,1360
14,1345,562
3,1345,2139
8,1345,1594
13,1346,1811
7,1346,1764
24,1346,810
17,1346,716
20,1346,1899
19,1347,2023
2,1348,750
19,1349,320
9,1349,2270
5,1349,59
11,1349,1639
13,1349,953
12,1349,1073
5,1350,341
2,1350,1700
7,1350,876
22,1350,1584
16,1351,2419
7,1352,2528
9,1352,2184
13,1353,2367
5,1353,1801
17,1354,1584
13,1355,1427
15,1355,2361
11,1355,1456
16,1355,1281
18,1355,32
25,1355,514
19,1356,2324
15,1357,822
16,1357,116
2,1357,2992
25,1357,1056
19,1358,2231
3,1358,1786
13,1358,1676
15,1358,2495
12,1358,283
25,1359,-20
18,1359,1041
6,1359,1155
22,1359,231
5,1359,2390
3,1360,583
2,1360,993
14,1360,878
17,1360,2483
21,1360,2275
19,1361,2846
5,1361,2858
10,1361,1276
16,1361,395
15,1361,835
24,1362,1185
24,1363,555
21,1363,159
5,1363,392
10,1363,681
22,1363,1366
23,1363,2923
25,1364,1331
14,1365,681
8,1365,474
13,1366,1081
19,1366,1812
11,1366,1861
20,1366,2315
18,1366,1258
2,1367,223
12,1367,1142
20,1367,397
13,1367,931
22,1367,2559
19,1368,2461
8,1368,1032
17,1368,514
15,1369,1448
20,1370,1502
3,1370,1794
24,1370,415
11,1370,2348
21,1370,220
19,1370,1621
17,1371,2008
21,1371,204
1,1371,2806
23,1371,223
8,1371,1280
6,1371,1460
5,1372,1314
4,1372,476
11,1372,2170
9,1372,2343
6,1373,2223
22,1374,1256
25,1374,2227
20,1374,522
9,1374,1866
6,1375,2709
23,1375,547
16,1375,2444
13,1375,2394
21,1376,326
2,1376,1665
10,1376,2063
1,1377,1873
23,1377,827
11,1377,2513
13,1377,710
4,1377,2042
2,1377,2980
12,1378,1635
16,1379,2859
14,1379,1931
8,1379,2488
19,1379,1978
1,1379,2117
21,1379,448
20,1380,2487
23,1380,410
9,1380,2700
12,1380,2606
5,1381,747
24,1381,447
22,1381,763
8,1381,117
14,1381,2644
17,1381,43
20,1382,1728
3,1382,136
5,1382,2459
4,1382,2717
14,1382,370
9,1382,2555
22,1383,1192
17,1383,792
19,1383,2294
7,1383,188
25,1384,2667
12,1384,2685
11,1384,135
15,1384,139
2,1384,1988
15,1385,2683
18,1385,2370
23,1385,850
9,1386,2911
14,1386,1650
7,1386,2127
17,1386,1166
15,1386,1984
19,1387,2279
17,1387,1157
22,1387,1318
3,1387,550
1,1387,1681
6,1387,1729
14,1388,1176
12,1389,729
20,1389,1773
3,1389,431
15,1390,2365
4,1390,29
6,1390,1426
18,1390,2273
14,1390,867
15,1391,2343
4,1391,18
20,1391,1233
12,1391,2773
5,1391,225
14,1391,2961
19,1392,815
5,1393,105
23,1393,446
6,1393,2279
15,1394,426
19,1395,2212
14,1395,1605
5,1396,588
23,1396,1748
17,1397,413
22,1397,2592
14,1397,240
25,1397,521
2,1397,1873
13,1397,451
24,1398,705
5,1399,2117
24,1399,2024
12,1399,1778
19,1399,1929
4,1399,1663
3,1399,1749
14,1400,1218
5,1400,455
17,1400,1103
10,1400,1253
7,1400,786
1,1401,311
14,1401,685
19,1401,55
12,1402,1122
16,1402,452
25,1402,2172
8,1402,2345
8,1403,2735
20,1404,15
25,1404,1384
12,1404,902
15,1405,531
3,1405,2798
2,1405,2145
19,1406,2079
18,1406,448
19,1407,2082
1,1407,2443
22,1407,977
7,1407,276
12,1407,659
13,1408,1912
11,1408,83
12,1408,729
9,1408,2705
20,1409,1676
24,1409,405
11,1409,410
18,1410,1362
11,1410,584
15,1410,1136
22,1410,771
13,1410,1454
25,1410,1927
2,1411,1841
3,1411,2775
17,1411,2912
25,1411,2100
21,1411,3000
9,1411,1761
2,1412,1801
9,1412,1015
4,1413,689
12,1413,160
16,1413,1367
9,1413,1544
14,1413,438
7,1414,843
13,1414,786
22,1414,448
8,1415,704
2,1416,221
25,1416,1393
14,1416,1504
19,1416,1605
3,1416,1812
14,1417,640
11,1417,1628
11,1418,1902
19,1419,2506
1,1419,1320
10,1419,1911
8,1419,1491
14,1419,540
24,1420,2517
4,1420,2738
13,1420,1643
9,1420,1576
9,1421,2392
5,1421,1358
6,1421,318
1,1422,542
4,1422,1327
17,1422,835
22,1422,1503
8,1423,2593
4,1423,1020
21,1424,1404
23,1424,2809
3,1424,2735
11,1424,699
4,1424,982
17,1425,2526
23,1425,1120
10,1425,1404
16,1426,2957
7,1426,2228
5,1426,2142
22,1426,216
15,1427,1979
13,1427,498
17,1427,127
11,1427,2461
9,1427,2373
9,1428,1697
1,1428,2733
25,1428,2691
2,1429,1568
13,1429,1187
5,1429,200
22,1429,1892
11,1429,2287
8,1429,857
21,1430,2843
24,1430,1436
11,1430,70
12,1430,180
22,1430,2499
15,1430,679
7,1431,273
13,1431,52
17,1431,2806
15,1432,967
2,1432,2003
21,1432,1572
10,1432,2119
9,1432,1923
7,1433,496
22,1433,1458
8,1433,141
2,1433,569
13,1433,2546
10,1433,1806
25,1434,1668
2,1434,1094
24,1434,443
4,1435,454
16,1435,1151
21,1435,1617
6,1435,410
14,1436,508
21,1436,1433
13,1436,141
9,1436,1459
12,1436,1403
17,1436,1645
14,1437,2257
19,1437,2616
25,1437,2718
2,1437,1529
7,1438,2472
5,1438,1276
22,1438,2790
1,1438,2020
10,1439,1925
21,1439,408
9,1439,1587
13,1439,2325
20,1439,848
25,1440,1027
20,1440,333
2,1440,969
22,1440,1973
16,1440,354
5,1441,1048
12,1442,1628
19,1442,928
21,1442,933
18,1442,2055
9,1442,2548
16,1442,2348
18,1443,2498
12,1443,794
5,1443,1443
21,1443,242
15,1443,476
4,1443,2653
20,1444,1770
4,1444,1783
15,1444,478
25,1444,2246
6,1445,2408
9,1445,759
1,1445,666
19,1446,1443
4,1446,2510
4,1447,1298
3,1448,1108
11,1448,1335
18,1449,588
4,1449,2922
1,1450,2769
6,1450,2371
2,1450,426
17,1450,2275
15,1450,2659
23,1451,39
13,1451,293
17,1451,2542
3,1451,2346
2,1451,1215
9,1451,2500
4,1452,2920
17,1452,1193
22,1452,2547
1,1453,1945
20,1453,737
24,1453,940
18,1453,373
2,1454,1773
22,1454,755
24,1454,776
8,1454,505
3,1455,2216
10,1455,1922
24,1455,232
14,1455,1792
6,1455,1916
17,1456,1868
12,1456,2679
19,1457,1557
1,1457,376
20,1457,1958
24,1457,1906
22,1457,1677
8,1458,2235
11,1459,765
21,1459,2540
12,1459,1307
17,1459,195
6,1459,2135
19,1460,517
14,1461,4
21,1461,874
15,1461,2457
8,1461,1224
2,1461,342
7,1462,69
10,1462,2505
21,1462,9
23,1462,1098
15,1462,1718
11,1463,3
7,1463,1821
23,1463,1236
16,1463,2991
24,1463,1126
20,1463,1468
4,1464,765
13,1465,500
24,1465,2407
17,1466,725
22,1466,1776
20,1466,1505
4,1467,2127
7,1468,676
5,1469,820
12,1469,2456
17,1469,979
2,1469,798
4,1469,2451
20,1469,2446
5,1470,476
1,1470,2298
25,1470,533
12,1470,1944
8,1470,2023
10,1470,193
13,1471,202
17,1472,1879
4,1472,1686
1,1472,214
6,1472,768
20,1472,1546
4,1473,1815
2,1473,1831
16,1473,2009
24,1474,609
23,1474,2417
10,1474,1803
21,1474,513
23,1475,-20
5,1476,1564
10,1476,2826
6,1476,2227
3,1476,2567
9,1477,2855
2,1477,877
22,1477,1887
23,1477,1815
7,1478,97
25,1479,1856
1,1479,566
4,1479,331
23,1479,2103
24,1479,2540
24,1480,1400
22,1480,1001
4,1480,1470
2,1481,567
16,1481,2621
22,1481,1371
3,1481,924
12,1481,1020
8,1481,2228
25,1482,837
21,1483,1669
18,1483,1705
24,1484,2863
3,1484,357
7,1484,387
12,1484,2814
4,1484,650
13,1485,1298
11,1485,1858
10,1485,2510
1,1485,2814
3,1486,2935
16,1486,1042
17,1487,2319
15,1487,868
2,1487,2013
10,1487,2077
7,1488,365
19,1488,48
15,1488,318
7,1489,886
14,1489,2705
16,1489,1576
8,1489,2356
6,1489,2954
20,1489,1647
13,1490,2140
9,1490,2553
22,1490,2624
8,1491,310
10,1491,2510
11,1491,203
23,1491,2581
14,1491,545
3,1492,1213
14,1492,1617
18,1492,2665
5,1492,2418
9,1492,941
6,1492,1031
18,1493,2684
9,1493,529
23,1493,104
8,1493,1107
11,1493,1685
22,1493,1835
7,1494,1918
11,1494,
14,1494,1082
1,1494,2754
23,1494,2776
3,1494,2526
11,1495,2580
13,1495,1139
17,1496,669
16,1496,2827
21,1496,465
7,1496,220
2,1496,116
3,1496,1792
2,1497,1805
22,1497,353
2,1498,683
11,1498,747
4,1499,476
14,1499,2377
17,1499,1797
18,1499,1712
17,1500,1239
12,1500,700
19,1500,172
16,1500,2304
9,1500,2101
6,1500,1284
19,1501,129
15,1502,830
22,1502,1841
8,1502,931
3,1502,1677
21,1502,940
5,1502,1102
10,1503,363
15,1503,1805
23,1503,2310
17,1503,1634
4,1504,2823
11,1504,1337
6,1504,1888
15,1505,2716
7,1505,1233
3,1505,849
6,1505,2805
18,1505,1133
14,1506,806
11,1507,1755
16,1507,385
25,1508,752
1,1508,1963
19,1508,1060
22,1508,2721
15,1508,1886
15,1509,126
12,1509,440
21,1509,1112
7,1510,1795
17,1510,2644
1,1511,1464
17,1511,2995
17,1512,514
24,1512,20
10,1512,2402
25,1513,332
14,1513,328
2,1513,2150
22,1514,2901
5,1514,1387
21,1515,864
13,1515,2810
15,1515,1024
12,1515,2285
3,1515,1086
16,1516,2413
3,1516,1017
13,1517,1119
18,1517,2770
11,1518,720
21,1519,561
13,1519,2800
11,1519,2203
14,1520,245
11,1520,2146
1,1520,2912
9,1521,706
19,1521,300
25,1521,2251
22,1522,462
8,1523,2212
16,1523,1607
13,1523,2538
11,1523,674
1,1523,2122
3,1523,1242
15,1524,170
12,1524,1497
13,1524,1181
1,1524,2907
9,1525,537
10,1525,823
5,1525,580
16,1525,188
16,1526,281
1,1526,2040
24,1526,1007
1,1527,1059
21,1527,273
14,1527,1189
11,1527,589
9,1527,78
22,1527,1181
5,1528,983
7,1528,518
18,1528,2572
9,1529,137
15,1529,34
6,1530,2688
14,1530,388
20,1530,1395
2,1530,1198
12,1530,533
3,1530,1990
1,1531,1594
20,1531,381
4,1531,1233
17,1531,1729
15,1531,1942
8,1532,322
21,1532,1727
24,1532,2060
16,1533,1793
8,1533,2511
4,1533,2280
7,1534,2305
6,1534,2416
13,1535,542
4,1535,1603
18,1536,1804
17,1536,283
10,1536,1590
4,1536,646
10,1537,1130
2,1537,221
19,1537,15
22,1537,28
16,1537,499
21,1538,2114
1,1538,235
5,1539,893
16,1539,2932
12,1539,2084
23,1539,2159
19,1539,1738
20,1540,2553
9,1540,2621
12,1540,728
3,1540,1222
7,1541,52
12,1541,200
2,1541,2179
5,1541,2915
21,1542,686
17,1542,227
10,1542,2426
19,1543,2437
24,1543,2117
22,1543,1901
5,1543,893
20,1544,2533
3,1545,2431
23,1545,1226
22,1545,1307
1,1545,1936
10,1545,1113
6,1545,2045
18,1546,324
24,1546,485
8,1546,1998
12,1547,1941
15,1547,351
23,1547,2653
7,1548,1056
5,1549,1568
6,1549,421
19,1549,796
8,1549,2113
5,1550,1234
22,1550,784
25,1550,2757
16,1551,570
23,1551,1215
7,1551,2663
10,1551,892
20,1551,1196
1,1551,-20
2,1552,
16,1552,1116
19,1553,108
10,1553,2406
25,1553,2635
13,1554,2548
12,1554,2192
18,1554,1053
20,1554,1081
11,1554,2120
3,1555,520
21,1555,871
4,1555,1359
18,1555,1460
18,1556,1759
19,1556,230
17,1556,1320
8,1556,475
9,1556,2761
6,1556,68
14,1557,1230
6,1557,1827
25,1557,544
7,1557,2382
5,1557,1403
2,1557,2882
1,1558,132
11,1558,1540
16,1558,2955
15,1559,1183
13,1559,1804
3,1559,676
6,1559,1441
10,1559,741
15,1560,1618
6,1560,1775
20,1560,1461
24,1560,996
8,1560,419
9,1561,1421
25,1561,1949
22,1562,2207
8,1562,2407
7,1563,1424
20,1563,2821
3,1563,2656
14,1564,2105
25,1564,1602
10,1564,2106
5,1564,2179
3,1565,2470
19,1565,1959
22,1565,133
18,1565,2252
21,1565,88
16,1566,416
14,1566,1759
15,1566,1688
19,1567,1970
15,1568,2318
23,1568,2946
9,1569,1852
22,1569,719
17,1569,2359
13,1569,675
23,1570,1606
16,1570,2668
20,1570,1201
3,1570,2752
16,1571,1360
25,1571,2734
8,1571,1849
9,1572,255
17,1572,1930
11,1572,1185
15,1573,351
24,1574,2817
5,1574,2484
18,1574,513
15,1574,1121
10,1574,2145
10,1575,1533
6,1576,2511
14,1576,402
2,1576,524
13,1576,970
20,1576,2319
16,1577,1832
11,1577,331
1,1577,1995
4,1578,2498
23,1579,1627
15,1579,222
12,1580,663
4,1581,756
24,1581,1086
19,1581,1420
16,1581,1559
22,1582,336
14,1582,2816
2,1582,2658
12,1583,2632
3,1583,1487
14,1583,1857
24,1583,2727
10,1583,2692
18,1584,848
1,1584,1317
4,1584,2135
11,1585,2417
9,1585,1417
4,1585,350
15,1586,2506
21,1586,1021
8,1586,1431
2,1586,1634
7,1586,1513
24,1587,2905
13,1587,441
9,1587,105
6,1587,1947
18,1588,820
17,1588,2519
13,1588,2962
10,1588,2065
11,1589,852
3,1589,664
23,1589,2438
23,1590,2263
6,1590,2521
4,1590,1488
1,1590,2347
16,1591,1560
2,1592,1629
12,1593,288
11,1593,1040
21,1593,313
23,1594,131
10,1594,2174
24,1594,1239
13,1594,600
12,1595,422
8,1595,1484
3,1595,1293
22,1595,2132
1,1595,1834
6,1596,2409
25,1596,1738
11,1596,1897
1,1596,647
3,1596,2641
10,1597,2648
5,1597,2671
6,1598,2147
7,1598,2210
10,1599,2034
11,1599,956
12,1599,2568
6,1600,1126
2,1600,2947
18,1600,549
24,1600,1558
16,1600,2260
17,1600,1921
16,1601,2523
16,1602,1789
3,1602,509
11,1602,2494
20,1603,1337
12,1603,336
9,1603,1159
14,1603,1777
19,1603,2886
20,1604,350
13,1605,1010
25,1605,186
21,1605,912
23,1605,168
5,1605,1320
3,1605,1819
16,1606,1297
22,1606,2958
11,1607,1071
9,1607,1442
22,1607,891
25,1608,1511
20,1608,1425
24,1609,224
13,1610,2549
14,1610,1710
4,1610,818
25,1610,2599
24,1610,1973
16,1610,1421
21,1611,2219
11,1611,1467
9,1612,2758
2,1612,1899
10,1612,2872
7,1612,2412
22,1612,308
15,1612,1265
6,1613,2438
14,1613,261
2,1613,2515
17,1614,269
10,1614,1063
23,1614,2219
4,1614,2301
6,1614,2481
25,1614,2427
14,1615,2062
22,1615,509
13,1615,2821
1,1615,2732
19,1616,72
7,1617,476
4,1617,2197
9,1617,668
5,1617,1632
2,1617,1159
23,1617,2338
19,1618,508
2,1618,1711
7,1618,2427
11,1618,562
23,1619,2848
12,1620,502
3,1620,2784
22,1621,1173
2,1621,1847
1,1621,1657
17,1621,1638
12,1621,2431
19,1622,336
5,1623,1289
24,1623,970
16,1623,731
20,1623,577
6,1624,502
2,1624,1794
5,1625,2627
23,1625,409
11,1626,2937
24,1626,1512
10,1627,1624
7,1627,2696
10,1628,2981
5,1628,1289
20,1628,2522
14,1628,677
21,1628,2607
23,1628,810
17,1629,125
22,1629,2233
10,1629,80
5,1629,2186
21,1629,1173
4,1629,1869
4,1630,2081
5,1631,2720
20,1631,1226
3,1631,1425
23,1631,443
12,1631,1449
21,1631,2586
12,1632,2343
1,1632,858
2,1632,1960
6,1633,1783
22,1633,51
10,1633,1336
20,1633,2985
25,1634,2210
14,1634,221
8,1634,1623
22,1634,1799
11,1634,1514
4,1634,2230
1,1635,2987
22,1635,1880
6,1636,832
24,1636,1077
2,1636,2376
22,1636,1604
21,1637,1832
8,1637,
22,1637,831
3,1637,1913
19,1637,1328
20,1638,1784
8,1638,1054
22,1638,2751
9,1638,2438
16,1638,2078
11,1638,2207
1,1639,649
6,1639,1424
12,1639,2538
19,1639,948
3,1639,1394
25,1640,710
9,1640,1153
10,1640,100
1,1640,2336
20,1640,2832
15,1641,538
14,1642,2227
1,1642,928
1,1643,2372
7,1643,2252
20,1643,2307
3,1643,837
6,1644,553
4,1645,919
23,1646,1206
12,1646,2419
9,1646,359
20,1647,1536
21,1647,79
18,1647,2449
23,1647,2677
5,1648,849
4,1649,43
25,1649,49
13,1649,1450
14,1649,444
19,1650,2555
7,1650,1717
11,1650,532
25,1650,1498
13,1651,2621
25,1651,2594
16,1651,2502
19,1652,2584
22,1652,1564
5,1652,2224
9,1652,1935
1,1653,255
4,1653,2568
22,1653,827
5,1653,264
17,1653,68
11,1653,1665
4,1654,1587
18,1654,787
5,1654,2133
22,1654,1193
24,1654,1282
15,1654,2626
3,1655,2654
25,1655,964
13,1655,1519
22,1655,628
14,1655,494
11,1656,981
4,1656,1935
24,1656,2325
8,1656,1995
9,1656,327
16,1657,1274
15,1657,2328
14,1657,1011
5,1658,2449
10,1658,2976
18,1658,2248
4,1659,610
13,1659,2381
23,1659,996
12,1659,860
23,1660,2729
20,1660,1750
21,1660,309
1,1660,1796
18,1661,1391
6,1662,97
9,1662,390
8,1662,1711
18,1662,629
3,1662,1949
1,1663,1772
17,1664,2316
14,1665,2009
24,1665,1493
12,1665,2022
3,1665,1801
7,1665,1867
19,1665,1594
6,1666,827
14,1666,340
13,1666,356
5,1666,2820
10,1666,2581
19,1667,104
11,1667,2904
22,1667,182
24,1667,1409
23,1667,454
14,1667,36
2,1668,2943
11,1668,1648
25,1668,1913
13,1668,236
15,1668,2371
7,1668,2208
3,1669,2210
20,1669,1146
2,1670,2237
5,1670,15
9,1670,1105
20,1670,1297
21,1670,2932
17,1670,1667
21,1671,2616
8,1672,1383
11,1673,1889
15,1673,2350
17,1674,173
9,1674,483
10,1674,1844
1,1674,1921
2,1674,1197
24,1675,2796
11,1676,2388
1,1676,1300
13,1676,337
21,1676,611
25,1676,1537
23,1677,2816
10,1677,867
21,1677,2244
6,1677,1094
14,1678,2149
18,1679,2097
22,1679,288
14,1679,258
24,1679,2655
20,1680,1806
23,1680,811
24,1680,2939
12,1680,2399
10,1680,1577
3,1680,2006
7,1681,1853
9,1681,1027
17,1681,533
3,1681,1663
19,1682,2612
8,1682,758
12,1682,1511
24,1683,1062
17,1683,2691
19,1684,929
11,1684,1429
10,1684,2165
16,1684,2345
21,1684,1925
23,1684,1028
14,1685,2978
16,1686,1535
7,1686,2581
15,1686,2165
2,1686,2234
4,1686,2972
1,1687,417
18,1687,2055
7,1688,2521
24,1688,892
11,1688,1120
16,1689,324
20,1689,1843
17,1689,602
24,1689,21
6,1689,1956
13,1690,83
8,1690,2346
16,1690,1653
24,1691,1632
20,1691,553
3,1691,346
21,1691,1106
22,1691,2877
16,1691,585
25,1692,1706
13,1692,219
3,1692,1369
11,1692,2396
16,1692,2240
18,1693,2302
25,1693,1587
23,1693,2578
22,1694,937
18,1694,1627
17,1694,1818
24,1694,13
21,1694,1261
8,1694,1489
6,1695,1142
12,1695,1759
24,1695,2904
5,1695,2162
20,1695,2010
4,1695,1019
16,1696,344
3,1696,1895
2,1697,2090
23,1698,1642
11,1698,1108
2,1698,72
3,1699,1839
8,1699,2405
22,1699,1988
1,1699,2758
15,1699,1580
4,1699,1375
3,1700,2407
2,1700,1376
19,1701,286
10,1702,152
16,1702,1751
21,1702,284
3,1702,2555
20,1702,2619
18,1703,2423
16,1703,2195
2,1703,569
19,1703,492
12,1704,46
23,1705,1066
24,1705,350
14,1705,1344
9,1705,1298
15,1706,76
21,1706,2580
5,1706,1745
14,1706,1810
22,1707,895
25,1707,1612
11,1707,419
8,1708,1477
6,1708,69
24,1708,109
9,1708,1064
16,1708,2480
1,1709,98
16,1709,1555
22,1709,2836
25,1709,1278
24,1709,2542
22,1710,2149
1,1710,1710
9,1710,248
13,1710,566
19,1710,1158
21,1710,1939
16,1711,1500
23,1711,2696
7,1711,2786
11,1711,306
6,1712,2560
1,1712,2322
10,1712,2081
25,1712,2858
12,1713,1211
20,1714,2381
9,1715,2357
7,1715,2220
4,1715,520
24,1716,2927
13,1716,2792
17,1716,1874
16,1716,2278
14,1717,1882
24,1717,2034
11,1717,26
10,1717,1512
11,1718,861
10,1719,1592
11,1719,640
22,1719,1284
15,1720,236
17,1720,2086
19,1720,2336
13,1721,313
21,1721,2746
7,1721,1235
5,1722,2614
14,1722,1944
11,1722,1799
1,1722,1386
15,1722,1921
7,1722,2549
16,1723,248
20,1723,2703
4,1723,2387
17,1723,738
6,1724,1251
25,1724,846
3,1724,1146
22,1724,1118
1,1725,1984
15,1725,1201
22,1725,486
19,1726,344
24,1726,1785
7,1726,316
8,1726,1796
1,1727,1913
24,1727,324
19,1727,2889
22,1727,859
8,1727,1576
20,1728,83
9,1728,2173
4,1728,569
18,1728,2772
17,1728,2441
22,1729,1535
11,1729,39
21,1729,2514
8,1729,997
12,1729,2746
3,1730,1996
20,1730,1775
1,1730,2675
11,1730,2703
9,1731,2029
24,1731,2247
2,1731,623
12,1731,2528
18,1731,379
25,1731,302
20,1732,503
4,1732,2864
24,1732,1350
4,1733,1145
2,1733,1585
21,1733,464
22,1733,2169
23,1733,2651
9,1733,401
19,1734,2012
17,1734,846
1,1734,2376
18,1734,1107
22,1735,1901
1,1736,1408
9,1737,1824
21,1737,658
7,1737,571
25,1737,1727
12,1737,661
8,1738,630
12,1738,2618
18,1738,1425
22,1739,52
24,1740,2648
6,1740,489
16,1740,1294
7,1741,459
1,1741,374
24,1741,105
3,1742,1116
11,1742,1103
4,1742,178
15,1742,2335
23,1742,1859
13,1742,944
8,1743,504
7,1743,1653
17,1744,2450
13,1744,1015
14,1744,2624
4,1744,65
2,1744,9
13,1745,1311
9,1745,2243
23,1746,1650
22,1747,433
3,1747,2424
23,1747,1817
23,1748,2212
9,1748,98
5,1748,2648
24,1748,1294
16,1749,2545
3,1749,74
20,1749,1899
24,1749,2856
2,1749,1268
24,1750,737
12,1751,882
2,1751,1958
8,1751,2956
20,1751,1518
16,1752,931
14,1752,2441
15,1753,1371
23,1753,2274
19,1753,1320
18,1754,2066
23,1754,1997
14,1754,1397
1,1754,940
3,1754,1063
1,1755,2812
20,1755,937
7,1755,1239
19,1755,2208
24,1756,1187
22,1756,1598
19,1756,250
6,1756,525
24,1757,264
20,1757,925
19,1758,1527
11,1759,1631
17,1759,408
5,1759,1768
12,1760,97
15,1761,2966
21,1761,15
19,1761,1602
14,1762,1736
3,1762,1754
5,1762,1522
20,1763,2067
8,1764,1597
15,1765,2691
13,1765,586
24,1766,897
12,1766,886
5,1766,1509
25,1767,1470
18,1767,
21,1767,1864
20,1767,1687
7,1767,2066
1,1768,2128
11,1769,1580
23,1769,
12,1770,1500
9,1770,1690
8,1770,851
13,1770,298
10,1770,597
7,1770,2946
10,1771,2043
20,1771,1647
16,1771,2589
3,1771,437
7,1772,1956
20,1772,476
25,1772,822
9,1772,422
8,1773,722
7,1773,1456
24,1773,2946
11,1773,2752
13,1773,1011
6,1773,544
20,1774,2745
13,1775,1617
1,1775,664
21,1775,1995
24,1776,190
19,1777,1431
12,1777,1963
16,1777,73
22,1777,478
10,1777,84
4,1777,2113
2,1778,2732
13,1778,1566
23,1778,2358
4,1779,1149
14,1779,1820
21,1779,653
22,1779,864
24,1779,1166
12,1780,2813
3,1780,2371
16,1781,1731
24,1781,1189
9,1781,331
20,1781,523
23,1782,2678
21,1783,2640
6,1783,1595
13,1783,75
1,1783,2787
5,1783,402
4,1783,2547
16,1784,1534
20,1785,2491
2,1785,2456
11,1785,2844
5,1785,1727
24,1785,2539
12,1785,216
17,1786,2317
14,1786,715
1,1787,1256
8,1787,611
20,1787,2337
6,1788,1520
15,1788,2311
11,1788,2532
24,1788,1933
8,1788,1658
13,1789,321
15,1789,1603
25,1789,2035
12,1789,1190
4,1789,1922
24,1789,1627
11,1790,2568
20,1791,1172
16,1792,801
16,1793,1875
9,1793,1220
22,1793,2542
10,1793,1710
20,1793,2626
3,1794,2023
18,1794,
8,1794,1145
23,1794,141
19,1794,1760
16,1795,2882
17,1795,1033
20,1795,2431
23,1796,2290
8,1796,1296
16,1796,2231
4,1796,325
13,1796,2362
20,1797,78
17,1797,647
19,1797,1364
7,1797,1973
9,1798,2401
22,1798,1068
12,1798,1300
25,1798,1481
5,1798,2204
18,1799,1969
10,1800,187
3,1800,2077
18,1800,837
5,1800,2223
8,1800,1043
7,1801,1047
5,1801,336
23,1802,13
21,1802,2897
15,1803,533
13,1803,2265
24,1803,925
2,1803,1408
18,1803,2625
6,1804,493
20,1804,2671
24,1804,2398
21,1805,1193
24,1805,2787
15,1805,2419
17,1805,2805
6,1805,1426
1,1805,2381
6,1806,1075
12,1806,977
18,1806,753
24,1806,812
15,1806,364
25,1807,746
21,1807,1394
10,1807,2303
12,1807,1031
14,1808,2275
1,1808,1553
23,1808,1451
9,1809,953
13,1809,334
23,1810,2715
14,1810,2150
11,1810,2086
22,1810,2997
3,1811,2804
25,1811,2950
8,1812,2127
5,1812,1468
25,1812,172
17,1812,975
22,1812,1903
24,1812,686
7,1813,37
5,1813,722
14,1814,481
7,1814,973
24,1814,809
11,1814,2816
19,1814,2422
3,1814,1582
13,1815,285
9,1815,2349
14,1816,1170
2,1816,542
12,1817,1157
11,1818,317
25,1818,337
2,1818,2553
22,1819,2676
23,1819,493
7,1819,1274
18,1819,1954
17,1819,636
15,1820,1019
8,1820,735
8,1821,1978
3,1821,374
6,1821,992
11,1821,1419
10,1821,1577
22,1822,459
24,1822,2326
14,1822,2033
7,1822,2308
23,1822,2134
9,1823,2664
4,1823,1262
17,1823,1583
18,1823,2132
20,1824,1788
7,1824,368
19,1824,1392
12,1824,86
25,1824,1729
21,1824,304
23,1825,1412
19,1825,966
13,1825,2663
3,1825,329
15,1825,2096
18,1826,
1,1827,2923
2,1827,2324
21,1827,2876
7,1828,2812
2,1828,141
25,1829,2325
6,1829,347
5,1829,1806
12,1829,2447
6,1830,1129
21,1831,2404
15,1832,222
19,1833,87
23,1833,2484
25,1833,2837
1,1833,613
7,1833,2911
25,1834,2292
11,1834,778
19,1834,2679
25,1835,2460
17,1836,2977
13,1836,1022
19,1836,1001
25,1837,1930
24,1838,1010
7,1838,13
2,1838,2077
18,1838,1536
22,1838,1787
1,1839,2301
19,1839,1682
14,1839,1436
23,1839,620
9,1839,2696
24,1839,653
16,1840,538
18,1840,1392
13,1840,2901
14,1840,18
11,1840,1824
3,1840,1829
7,1841,213
21,1841,374
12,1841,1664
2,1841,1824
14,1841,678
13,1842,315
15,1842,2867
7,1842,2783
25,1842,1895
3,1842,596
24,1842,1128
22,1843,371
12,1844,660
25,1844,2243
17,1844,459
10,1844,1459
14,1844,992
7,1844,2098
21,1845,1669
25,1845,2699
12,1845,819
14,1845,1548
11,1845,144
23,1845,207
17,1846,1164
19,1846,1040
3,1846,2171
22,1846,2378
7,1847,1288
1,1847,782
4,1847,959
13,1847,2664
19,1847,191
16,1847,220
17,1848,1284
13,1848,498
7,1848,2882
21,1848,1892
5,1849,2473
19,1849,-20
10,1849,1383
24,1849,298
22,1850,233
12,1851,473
8,1851,2284
6,1852,2462
11,1852,2081
3,1852,223
24,1852,314
19,1853,171
13,1853,1158
19,1854,111
4,1854,2490
11,1854,653
23,1854,857
17,1854,1789
4,1855,49
7,1855,500
21,1855,640
17,1855,2616
18,1855,1259
13,1855,1614
15,1856,743
8,1856,93
3,1856,646
25,1857,682
4,1857,2217
8,1857,1034
10,1858,515
1,1858,2778
5,1859,444
22,1859,2775
14,1859,1658
17,1859,472
24,1859,911
24,1860,1807
14,1861,1844
7,1861,2051
8,1861,1755
19,1861,312
9,1861,1153
1,1862,141
9,1862,1902
12,1862,1942
22,1862,108
11,1862,2702
8,1863,1670
23,1863,166
19,1863,731
13,1863,308
22,1863,238
12,1863,1051
3,1864,1242
12,1864,2210
11,1864,2750
22,1864,545
18,1864,1809
5,1864,517
23,1865,1398
18,1865,2173
25,1865,2697
21,1865,982
15,1866,33
23,1867,1259
16,1867,469
25,1867,640
12,1867,786
2,1868,2071
7,1868,2709
5,1869,1187
19,1869,297
5,1870,801
1,1870,810
6,1870,1664
3,1870,382
14,1870,2828
7,1870,2191
5,1871,1789
6,1871,1655
2,1871,711
8,1871,1934
15,1872,2771
5,1872,2069
8,1872,1003
13,1872,2035
12,1873,2526
10,1873,2846
16,1873,16
24,1874,2817
23,1874,1208
25,1874,1841
4,1874,453
5,1874,2611
14,1874,2441
14,1875,1459
9,1875,2958
4,1875,1707
16,1875,743
24,1875,1336
20,1876,2307
4,1877,1651
14,1878,2746
8,1878,885
2,1879,581
9,1879,934
3,1880,523
15,1880,1411
25,1881,899
15,1881,1618
7,1882,751
21,1882,1536
2,1882,2898
25,1882,2792
5,1883,1139
12,1883,326
23,1883,2809
2,1883,1920
24,1884,299
5,1884,1072
15,1884,549
18,1884,1110
9,1884,1750
22,1884,2477
1,1885,2369
11,1885,1284
21,1885,1635
12,1885,2722
19,1885,184
6,1885,675
24,1886,983
7,1886,757
25,1886,968
3,1886,1576
11,1886,136
22,1887,1990
8,1887,104
17,1887,1103
9,1887,193
15,1888,2224
8,1888,1568
20,1888,146
12,1888,2720
2,1889,2926
11,1889,341
20,1889,545
7,1889,1474
13,1889,2412
15,1890,2015
21,1890,878
18,1890,2277
14,1890,807
9,1891,1700
18,1892,730
16,1893,2321
8,1894,826
17,1894,241
18,1894,1515
14,1894,1520
19,1894,2730
23,1894,1328
4,1895,1202
2,1895,2954
17,1896,60
18,1896,2384
18,1897,1929
5,1897,1009
7,1897,87
23,1897,2701
10,1897,2632
19,1898,2582
2,1898,619
7,1898,1211
22,1898,96
13,1898,2530
9,1898,1157
15,1899,2888
4,1899,474
24,1899,2230
14,1900,2950
22,1900,42
6,1900,2274
4,1900,1862
21,1900,1961
11,1900,2022
20,1901,2319
5,1901,430
24,1901,2481
25,1901,1372
9,1901,2707
21,1901,639
3,1902,2865
9,1903,2590
25,1903,1006
17,1904,1639
18,1905,796
17,1906,2834
8,1906,1064
11,1906,323
6,1906,1668
15,1906,556
3,1906,2209
10,1907,2034
13,1907,2410
11,1907,485
5,1907,24
9,1908,2387
3,1908,2822
15,1908,675
20,1908,412
19,1908,230
17,1908,400
14,1909,639
9,1910,2996
17,1910,1108
25,1911,2438
3,1911,1380
4,1911,869
13,1911,221
11,1912,2858
10,1913,1084
2,1913,2923
16,1913,1137
9,1913,1643
17,1913,446
11,1914,1389
5,1914,1148
8,1914,1083
25,1914,1353
6,1914,1384
3,1914,170
19,1915,2914
1,1915,961
14,1915,1443
2,1915,1632
18,1916,1600
22,1917,2413
4,1917,1685
2,1918,2720
12,1918,833
16,1918,1453
5,1918,2562
4,1919,1454
21,1919,195
24,1919,223
21,1920,514
25,1920,366
22,1920,457
10,1920,2559
5,1920,1294
12,1920,1810
10,1921,2661
6,1921,2917
25,1921,406
1,1921,1070
17,1921,1608
16,1922,1313
14,1922,1400
15,1923,326
6,1923,593
2,1924,2920
24,1924,2584
21,1924,2557
16,1925,2183
20,1925,875
23,1925,2149
2,1926,2932
1,1927,1242
20,1927,1454
3,1927,820
19,1927,723
9,1928,2828
21,1929,2134
2,1929,355
17,1929,2291
4,1929,2009
2,1930,770
6,1930,2700
1,1931,901
21,1931,974
20,1931,1674
15,1931,2261
16,1932,395
23,1932,1179
15,1933,577
5,1933,2275
6,1934,2121
15,1934,2806
12,1934,1843
19,1934,1644
21,1935,1418
24,1935,1854
13,1935,1373
15,1935,1959
20,1935,2851
4,1936,699
11,1937,2047
24,1937,1120
8,1937,2372
5,1937,1866
25,1938,1387
1,1938,994
2,1938,1750
9,1938,213
15,1938,333
8,1938,1363
5,1939,1155
4,1939,2462
18,1939,2040
8,1939,652
8,1940,1861
4,1940,759
2,1940,2390
14,1941,476
22,1941,1648
4,1941,2846
10,1942,1735
15,1943,2651
21,1943,1132
13,1944,484
5,1944,
17,1944,2985
11,1945,978
22,1945,2630
18,1945,599
7,1946,2453
21,1947,2171
16,1947,242
8,1947,2390
17,1947,2378
19,1948,2101
7,1948,226
21,1948,2742
3,1949,897
2,1949,1735
15,1950,1533
14,1950,1076
23,1950,241
22,1950,107
17,1950,1342
7,1950,1484
10,1951,2456
14,1951,471
22,1951,2242
9,1951,2947
17,1951,1956
18,1951,966
11,1952,1303
20,1952,661
5,1952,2436
8,1953,124
3,1953,426
14,1953,2258
12,1954,855
13,1954,1908
8,1954,1223
20,1954,1443
23,1955,2964
24,1955,1098
5,1955,179
10,1955,575
4,1956,2822
5,1956,1045
7,1956,26
7,1957,72
17,1957,2685
21,1957,1011
25,1957,972
4,1958,2096
12,1958,1280
9,1958,359
11,1958,704
17,1959,836
1,1959,656
2,1959,2668
6,1959,852
15,1959,2317
10,1960,2553
22,1960,1348
6,1961,1428
17,1961,18
15,1961,2807
7,1961,2310
21,1961,298
18,1961,2874
3,1962,1919
19,1962,1038
11,1962,2025
4,1962,193
1,1962,1650
13,1963,1710
20,1963,2223
22,1963,1233
19,1963,1925
14,1963,968
17,1964,1732
13,1964,2630
18,1964,2645
25,1964,169
5,1965,1125
20,1965,1741
7,1965,2990
4,1965,1704
22,1965,648
23,1966,2459
6,1966,199
9,1967,2545
13,1967,2055
8,1967,243
21,1967,2760
2,1967,108
18,1967,2661
5,1968,1891
15,1968,1939
19,1969,1656
2,1969,523
5,1969,1766
3,1969,2581
10,1969,1600
2,1970,871
19,1970,2600
13,1970,1670
18,1970,311
4,1970,2398
11,1970,1088
15,1971,1756
3,1972,1936
12,1972,1351
25,1972,1675
9,1973,640
24,1973,230
3,1973,2375
5,1974,2917
17,1974,1356
22,1975,2040
3,1975,2175
14,1975,2690
24,1975,1532
25,1976,2179
9,1976,1248
18,1976,47
13,1976,1221
8,1976,1242
6,1977,2674
17,1977,1162
11,1977,1047
9,1978,2430
25,1979,2133
24,1979,2416
2,1979,2334
19,1980,2744
1,1980,122
9,1980,2464
25,1980,1925
18,1980,2076
11,1981,2983
23,1982,1021
3,1983,1811
8,1983,2513
14,1983,446
21,1983,2444
12,1984,273
24,1985,1810
22,1985,433
6,1985,1347
3,1985,2471
21,1986,300
4,1986,1696
10,1986,1102
9,1986,2641
14,1986,633
20,1986,433
1,1987,1272
17,1987,1142
13,1987,2276
23,1987,46
22,1987,686
14,1988,2506
24,1988,1864
19,1988,2684
16,1989,2812
3,1989,555
10,1990,1421
7,1991,2194
2,1991,2764
24,1991,2902
16,1991,644
23,1992,877
7,1992,1940
10,1992,565
19,1992,1461
18,1992,2633
21,1993,1001
13,1993,2242
17,1993,1108
8,1994,-20
14,1994,2490
15,1994,2305
4,1994,406
23,1994,1855
7,1994,158
14,1995,1068
20,1995,761
10,1995,756
16,1995,726
25,1995,2272
24,1995,2838
24,1996,2685
12,1996,2063
21,1996,745
11,1997,1070
8,1997,1540
6,1998,2485
10,1998,1197
18,1998,1881
1,1998,2391
4,1999,1348
15,1999,2219
19,1999,2989
22,1999,2456
17,1999,925
24,1999,1190
25,2000,626
7,2000,441
16,2000,2376
19,2000,641
